x1,x2,x3,x4,x5,x6,y
0.22216807952563417,-0.6978683116943808,-0.15596599868966587,-0.48211251650207065,1.0,0.6959389706986346,-0.3101045956467633
-0.9044608605049578,-1.0,-1.0,-0.7159165083094357,-1.0,-0.9344386726682554,1.952600657473174
-0.5052469248651188,-0.2613352652928741,-1.0,-0.08471877147385165,0.6047945675444386,-0.8475566963369172,3.387559860069758
0.3796145685321368,0.08302219846579506,1.0,1.0,1.0,-0.10542156765600237,-2.7154479523011226
-0.9745562954408109,-0.2572955575944761,-0.02940485580938465,-1.0,0.9834469062212658,0.5906725408019933,5.216407380390812
0.36215112281115913,1.0,0.8389957439157445,1.0,-0.5966112402714617,-0.4147270589214091,-0.11542132432270247
-0.7450486771666702,0.8848042014303366,-0.9387118219630113,0.233513979128176,-0.11956526074448076,0.28287072271325386,2.7316226477015526
-0.8389083761930192,-0.5042003662470638,-1.0,-0.3644869826871423,-0.8300305874682689,-0.31154601963527123,-2.961453534865342
-0.3768054028251169,-1.0,-1.0,-0.4978827907751491,-0.19600711952338012,-0.34482135826993415,-3.3142939868488948
0.523488118569249,-1.0,-0.6412514686590954,0.03583604285042004,-0.23351672870585888,0.42551362419098976,-0.8073719500642744
0.2699349265137685,-0.5731470304574363,-1.0,0.7061722082361809,0.37188951945205384,1.0,3.922857281788164
-1.0,-0.037694610559037,-0.8416173744741273,-0.1779793689868452,0.11659968939551746,0.8959226374323317,5.84228188969427
0.71772864430097,0.8430790876317492,-0.13962985653801208,0.6670485424514875,-1.0,-0.6774003825808316,5.035144257986485
-0.14954141792635922,-1.0,-1.0,-1.0,-0.7940164203675932,-0.5354106652755386,0.48984438349288684
-0.2694623489653313,-0.7339096465636266,-0.0030688159592527596,0.4478309550621339,-0.5986536853098899,-0.23842339724026057,-0.2847941613586128
-0.8817188729817791,-0.4850981417239546,-0.25131482529672167,-0.686799504790572,-1.0,0.3633630569764196,-1.6148448971572646
-0.08648524536703728,-1.0,1.0,-0.6663202861218711,-0.8647964096174381,-0.5917133002858956,6.765189698357593
0.4007017685126013,1.0,1.0,-0.20611546256483265,0.1799572671602261,1.0,-2.792853391310306
-1.0,-0.96435884069067,-0.051674200945033055,-0.6330671813392572,0.317886909891551,0.5816378629822936,-1.4393176475963767
-1.0,-1.0,-0.042908875123774726,-1.0,0.02209331401465353,1.0,-3.847960312273078
1.0,0.14344595687897066,-0.839671540518716,-0.34063039711019394,0.11542004535068898,0.22813844281951434,-0.562595577388671
-0.8971928859411258,-0.6459217640700664,-0.6844467704655246,-0.9675281399174613,-0.27626958129889,-1.0,3.2002542167970125
1.0,-0.054667636572644396,0.3996028425804239,0.6540360966920936,1.0,1.0,-0.08614235437989642
-0.5685984469137613,-0.5036088849487168,-0.5329492058008753,-1.0,-1.0,-1.0,3.3011595349482508
-0.336502972571491,-1.0,-1.0,-0.3281317957166513,-0.9479308769326297,0.39181391781571884,-1.8591939279002543
0.11935600804038993,-1.0,-0.7208616877504217,-0.9225711795645355,1.0,0.05142281889510536,-2.9120981496977842
0.7327197324935479,1.0,1.0,-0.7833126769873497,1.0,0.5231151409134642,-1.4744839799846274
-0.09992318008810677,-0.5956296129118431,-0.01020895774290935,1.0,-1.0,-0.8035691950732176,2.25717359578088
-0.6422695594943781,-0.16457178694150876,-1.0,-0.8023815244969236,0.8281318653490302,0.6787885834613727,2.8044656124940355
0.12308727328812208,-0.1371100934704147,-1.0,-1.0,-0.917623716211889,-0.07007761137931078,0.8459220884964265
-0.24525366715561076,-0.19865651099284826,0.5139676881946538,1.0,1.0,1.0,3.3590849564277185
1.0,0.5031254102450498,-0.4326296020201408,0.8808302064533924,-0.45475866324962333,-0.4344172833116787,2.892889512289094
-1.0,-1.0,-1.0,-0.7466850410031224,0.05236270572179991,-1.0,3.4166083814656614
0.21029624051967466,0.24490047560770045,0.4222264078050164,-0.31666431026885755,0.1794525301104235,-1.0,2.0988217416160135
0.7806990434791928,1.0,-0.6455211468216493,0.09875847552499684,-1.0,1.0,10.228499369547873
1.0,0.4741634989283712,1.0,1.0,0.3092667309695434,-0.5417636568277493,-0.1485787261540325
-0.7711299049419835,1.0,1.0,0.375781592081174,1.0,-0.6943453256891327,-2.792585464476482
-0.6216428729866748,0.8337491975923147,-0.35911475121690284,-1.0,-0.4504781915133813,-1.0,-0.4147671903622059
-0.263653481020412,0.703375805600897,0.9491576808293121,-0.31419022850381595,0.3158678355989419,1.0,0.07716268872183879
0.449678422171128,-1.0,0.00022393946543619592,-0.45931849739801256,-0.2609213241581614,-1.0,6.654388560453537
1.0,-0.03174640763401322,-0.13751281454066083,0.3115907195342045,-0.08882237600304801,-0.6097874046365643,2.3270503143946586
1.0,0.6526516106761637,0.05616897704837864,0.7706567550197265,-0.40905951496957027,-0.30842306683332876,2.555920829624155
1.0,0.27628957280096156,-0.4720356219692723,0.8843051222699927,-0.7171029617433845,-0.7812827636598066,5.615281109891035
-1.0,-0.858406366708751,-1.0,-1.0,-0.211597087341465,-0.4514918553708227,-3.3353151939549734
1.0,1.0,1.0,0.36943036244072824,0.6383184793920346,0.9063723271362165,-6.131976953054547
-0.734368062108853,-0.27892697649069714,-0.3116918143283697,-1.0,-1.0,-0.31080188294323086,1.5832137425686517
-1.0,-0.7257713015666472,-0.7903975028573792,-0.19739027007011956,-0.9661836471418741,-0.3434742503656709,-3.0542825378833154
-0.05935793245744503,-1.0,-0.9145222998452109,-1.0,0.586214146288702,0.4014278691233605,-5.060274197679432
1.0,0.655168713299763,0.44990739928153234,1.0,-0.5063691071611869,-1.0,8.261769299175105
-1.0,-1.0,-0.14131643924666681,-1.0,-0.8286625163722688,0.9971191576484906,-1.5252552277661637
0.7880782798363307,-0.38837128336242355,0.7644100883547992,-0.27733064702910426,-1.0,-0.6907479880735103,5.342640832897688
0.057503411223274764,0.6326183697332175,0.34563887912083824,-0.8408852641294668,-1.0,-1.0,0.6459707430574176
-0.3520403140943573,-1.0,0.6581073503713228,-0.5520739567109132,1.0,-0.38425187495471236,4.230894693786535
0.9772428304147709,-0.2102850383130016,0.39080932447993666,-0.11786806966545693,1.0,0.4943409338226753,-3.745368872209136
0.3161543319970912,0.5099983234909455,0.04623950663114096,1.0,1.0,0.16263141408956083,-0.8633536407350288
0.12265204603681579,-0.37646215296793595,-0.7178211676788747,-0.5541275837846309,1.0,-0.3396505738515695,-0.06844248812943832
0.4016180791805123,0.13499440477840952,1.0,0.2183592479950197,0.9694449819333185,0.48686716908213556,-2.3911195394780638
-0.42260007052515214,-0.6251452035218482,-0.7724615264404029,-1.0,0.6033137256992627,0.39188591503174824,-0.5579399286292956
0.8395164212412441,-0.8260844955345975,-0.30114369873426283,-0.7979855154451385,1.0,1.0,-2.0467557428544128
0.1631308380907328,-0.2970395704773614,-0.8359512632356191,-0.05729543263666759,0.15439746504027518,1.0,5.167713258077324
-0.7602521764167766,0.17198516296210714,0.7501273530007686,-0.7036926319615384,0.019804636946878007,1.0,-1.5675458795065187
1.0,1.0,1.0,1.0,-0.06503966680157203,-0.7427536403216402,1.1496068106645951
1.0,1.0,0.7780299211774552,0.9328216661211655,-0.09247684945999546,-0.03767136181387737,-0.33972380551097
-1.0,-0.8533705763651334,0.228608518791824,-0.8451437944538545,-0.46766731183409904,-1.0,4.436109154445908
-1.0,-0.7433247675052785,-1.0,-0.740344856731366,0.40842366870865,0.857490201632671,1.2178928243157823
1.0,0.4322696070575882,1.0,-0.24870991669657685,-1.0,-1.0,5.831912520585539
0.6343672363845694,0.19349810881497875,-0.828387927294006,-0.06190332695898576,0.7766166086138808,-0.312078975891105,-2.5443564809316026
1.0,0.9066930200159129,1.0,1.0,0.7681214585991485,0.9496386318645067,-9.258175452458882
-0.4201262551416692,0.4539740142446683,-1.0,-1.0,0.3697680276170736,0.8926569334204975,5.949096517547374
0.2849600360660646,-0.6681481618332907,-0.16692986310193292,-1.0,0.21556082001123877,0.6623542053365742,0.06769110716333765
-0.21922973381221583,-0.5786117831304717,0.5698474702765732,1.0,0.23640067869167147,0.6748875536364306,0.07667272681999093
0.7758343926743597,0.38127317305443253,0.9295244122114086,-1.0,0.22297052067631168,1.0,-2.0946940437704193
-1.0,-0.46985918130444637,-1.0,-0.16884945385699962,0.12986031687159172,0.6164537883068737,1.9191474325200004
1.0,-0.41674010776181236,1.0,-0.16324316436658182,1.0,0.6460212377189757,-6.54650329813965
-0.7734276433711698,-0.9086950075653433,1.0,-0.010193572056264255,0.09194878502227313,-0.10133530293265613,2.8935892628423856
-0.6627722005460902,-0.7778766060208651,-0.2253907436585193,-0.6984048968374427,0.07343356775822013,-0.2016568303134369,-1.3057669616826857
-0.4440064599334973,0.01111558871061158,1.0,0.3404862370075732,-1.0,-0.6537483321290801,-1.8237452195874748
0.994408957954162,0.6286101275009808,-1.0,0.04005142707059878,-0.6020845396728303,0.047580584520274236,4.086314990287306
-0.17082223940072302,-0.710304753789315,-0.37719079811709794,-0.8853089578037537,0.6968190810552914,0.18929174616151956,0.5136957069395143
-0.984511380031708,-1.0,-1.0,-1.0,0.771182951833981,0.22785819991965278,-7.845581172839548
1.0,1.0,0.24889369827830016,0.9862781917546213,-1.0,-0.2649196454563243,5.48800884741346
-1.0,-0.26508094871845644,-0.9418462758336912,-1.0,1.0,1.0,7.434551489410317
1.0,0.43372475312224856,1.0,1.0,0.8626480323352306,0.4528657099158928,-4.95021438578677
1.0,0.9540696621419336,0.6691563278290422,0.35353070966940336,0.09745199129153104,-0.39970599372358917,-1.4805970101549697
-0.7380999931048106,-1.0,-1.0,-0.11010898178418202,0.18751191548852897,1.0,2.800702928938197
0.14354518351883472,-1.0,0.14567770904778854,-1.0,-0.32841398218139184,0.21606026176995297,0.5125404581645694
1.0,0.6890802272006991,1.0,0.11226177625632716,1.0,1.0,-5.484949824065956
-0.15913021913609038,-0.40179832111844993,-0.43543551785095835,-0.3609129958393383,0.08917239494106513,0.6278473774255167,1.331460916273854
-0.435870399764439,-1.0,-0.3411405103901566,-1.0,-1.0,-0.6044391303686357,5.755877643828114
1.0,1.0,0.599985589597426,0.22898546892098737,1.0,1.0,-2.2667151104847707
-0.9511410097272175,-0.5025520798473513,0.03157030070086142,-0.7910407872453573,1.0,0.02394405793076959,3.021701173086881
-0.2716476116655353,-0.3684913106815444,-1.0,-0.377347137211671,0.40512429124530636,0.8521104213183892,5.885592319449073
0.4557195202817428,-1.0,-0.2700144902236281,0.22797407518022816,-0.9330992990614242,-0.6362738289521903,2.861312583262477
-0.7540919737607932,-1.0,-0.4458397802919005,-0.7093847530034869,0.3905944343211434,0.05202380774794446,-2.053212577123537
1.0,0.7693654811616409,0.46886727218940827,0.17254304084352717,0.5001534159963197,0.07876147029084407,-1.367427300931459
-0.9346524092084685,-0.33326593486516676,0.4560585866067369,-0.8744333944862459,-1.0,-0.3459687005372678,-0.0009588251902743761
-0.0046084721438173215,0.36560939957346383,-0.5865400645309187,-0.3944472396992025,-0.4927770380751739,0.7885679713022871,3.978781499153575
-0.8241601863067325,-1.0,1.0,1.0,1.0,1.0,0.22708568247819208
-0.7853414344619309,-1.0,-0.7543329986154785,-0.5560836415999759,0.8472234544886502,0.6936199951833574,-0.8652291221206199
0.5187776140430451,1.0,-0.013765475565664015,1.0,0.9410275925909075,0.5794627227648359,-0.12229730159676
-0.20820072928472666,-0.2115433458118967,-0.0250575722670745,0.09020778547924385,-0.04431227927882242,0.657152671876048,2.3074268160381797
-0.48506755174089045,-0.7195991488611879,-1.0,-0.1744878487000976,-1.0,-0.34927085537233316,-2.0661612970715755
-0.9704899810397842,0.0749280473036027,0.5609212356102774,-0.5081187856797607,-1.0,0.3879140610360659,-4.038050928662691
-0.16732214239202803,0.8473239797079541,0.24035167158274734,0.5494848376552157,1.0,0.04121972004261809,1.0189257718259968
0.7944509161088062,0.4324995230406893,1.0,0.20384359511604683,0.5048406860132324,-0.5735942495066849,-0.27267020809019604
0.17292015098340885,0.7779120715808086,0.3592875460498042,1.0,0.4913931089904884,1.0,1.3646319993788247
0.2791749662039422,-0.40451815178640405,-0.25962163059637344,-0.5888227616479729,-1.0,-0.870232072746605,3.36252474956755
1.0,-0.3276084976900966,-0.23668870213718501,-0.6161968326625209,0.798030685708404,1.0,-0.35352544128996416
0.825453042968864,1.0,1.0,0.49751162812746935,-1.0,1.0,1.0779004792220221
0.017383974271147795,1.0,0.6541081346244574,0.13446724549641698,0.3679264134452781,-0.0837454735495502,-0.18007066757698276
-0.16386981019779726,1.0,-0.2806521137468537,0.34357976177151517,-0.27179347244763974,-1.0,2.554851699609877
1.0,1.0,-0.13826768104053755,1.0,0.28237126202370144,0.8532495763654265,0.28065827481297667
-0.6005195336621653,-1.0,0.57575859891415,0.22044667787656475,-0.8966856838588997,-0.6694402869608451,2.3205973540388625
-0.6620599938571424,-1.0,-0.3119512839919766,0.5586691793955347,0.745043499986537,0.4010311727494663,0.36426036708199727
-0.6897791709745139,-0.402565678686699,-1.0,0.24214268217743845,-1.0,-0.3379331867003763,-3.1738830501160478
0.8615226484348545,1.0,0.13809999876627238,-1.0,-1.0,0.2873017246743323,7.546062785771804
1.0,0.35683184457755324,1.0,0.9231753643314016,-1.0,-0.35161941581618517,5.2468937565807465
0.5688846573438513,-0.5477985523404982,1.0,-0.5281441125074671,-1.0,0.8242763964393471,1.274299412605554
1.0,1.0,0.3523613771597737,1.0,-1.0,-1.0,11.143824613759095
-0.21257715373843322,1.0,1.0,0.24880232738824337,-1.0,-1.0,-2.7705815881244225
0.10221500834721209,0.3457807235197903,-0.8582972184086187,-0.2552534268278077,-0.15858966087021537,-0.22538398467599652,0.368142908186814
-0.3601257193448317,0.6978188897193998,-0.5676775796772351,-0.9415587556218497,-0.6030492463876083,0.4764980301870402,2.1728418831544514
-0.09967325827376161,-0.36074693267013336,-0.557420485238457,-1.0,-0.8230298141144623,-0.2648185626577971,1.4446171583451848
-0.18293886153087754,-0.6627789681585038,-0.3544797384177142,-1.0,-0.5014708330204214,-1.0,4.651174595993871
-0.5669262856253456,-0.5335034481947293,-0.35843220733174364,0.907331593627317,0.10450575794563932,0.41037581735854106,-0.14789717543443504
-1.0,-0.6866919796589591,-0.5348201717348273,-0.5599224660238704,0.07953908299758439,-0.8022236980222259,2.7917363550262233
-0.9563888581453099,-1.0,-0.21490554370324766,-0.9437026141754836,1.0,1.0,2.4104295602997676
-0.7952846998073169,-1.0,-0.9121902956847237,-1.0,1.0,0.604346471795689,-3.809398765492235
0.37133681211877395,0.8213590097526577,-0.13198714656977006,0.269424089626058,-1.0,0.2356204628887278,1.8642722748317284
1.0,0.24290659064969855,0.28455956107171754,0.7255754171889901,0.6769287065740236,-1.0,0.8070190051421087
0.687424717394003,1.0,0.3527841734381634,1.0,0.1760605965665475,0.8007694734381342,-0.5828871884804986
0.7927700182915853,-0.9029560709453018,0.43283816277626214,-0.43235871548700633,-0.41152177347863605,-0.5174223719376285,5.10709148516275
-0.017375693552219573,-1.0,-0.2740815111642748,-0.7567158595921724,-1.0,1.0,5.404243121090476
-0.18262875571663648,0.6611164914691614,1.0,0.13550040788283807,-1.0,-0.48398086434477605,-1.9272135261974073
0.3407311207686846,1.0,-0.7884243826443019,-1.0,-0.5945015125718139,-1.0,2.0587267367534046
0.42263019140800495,-0.5054989249475135,-0.27701802642334367,-0.1596477868142832,-1.0,-0.7290698036983301,2.8067223178557454
-1.0,-1.0,-0.4343585759877723,-0.5723611036266033,0.4524536373335659,1.0,0.5129970591710012
-0.5749528489749489,-0.8271624635745913,1.0,-0.5890626816032571,-0.1353451354914531,0.19962145664488906,-0.3005415524099493
1.0,0.20555176793116692,-0.16611130846692038,0.6570132480142897,1.0,0.31997515666992415,-2.333416045592331
1.0,1.0,0.8581468256485891,0.37291468501010544,0.5376367165062019,0.8006544674555084,-4.303779158223921
-0.46237841647647576,-0.9003964177773564,-0.3460594050245871,0.8272455917468662,0.3258648996147877,1.0,2.541573168939605
0.6097183042178947,0.8764458036764615,0.7350537756439638,1.0,-0.9881362337303812,-0.22749036985394655,3.2627214450693387
1.0,-0.4677677327892602,1.0,0.8823796171483794,-0.2761752994218635,-0.004983341592952301,0.9935680682252898
-1.0,-0.15330695903550695,-0.5343403587537883,-1.0,-0.3994236136716791,-1.0,1.8881630436740289
-0.06955505398173012,0.5876488762184107,0.3367259545092529,0.08629739857227375,-0.35207925967920695,0.6001820071404178,-0.4394295011604703
-1.0,-0.9666545148952621,-1.0,-0.8464037613362174,-0.9437808373673384,-0.5574249200975229,0.01405317477471213
0.19033464761870733,1.0,0.723973105002109,0.7690969669871479,-0.00044285274764649385,1.0,-2.2668497097499554
-0.8962128854353587,-1.0,-0.38925070666179806,-0.8535652959291955,-0.12964471542562472,0.5340153901043528,-3.2922400888732866
-0.10840994767784023,0.18877620998669659,-0.035615305274597955,0.8568953069524311,0.9086427360811524,1.0,5.722553567974909
-1.0,-1.0,0.5899883773826917,-1.0,-0.6477211363630996,-1.0,5.969892643028673
0.6331408861902212,0.9765127824911686,1.0,0.6606372830275573,0.7710645164287496,0.17436781515813515,-5.661427175358233
1.0,0.9963904826643093,0.9097843709555709,0.11951523765165895,-0.04783944204922169,0.13821697302770947,-1.8724346302333683
0.34456463582548535,1.0,-0.12380102943610932,0.21536669710484246,-0.44752148245649337,-1.0,2.7760337142294977
-0.6744372839948289,-0.8958151329530257,-0.2238440554017569,-1.0,-0.6135625205178237,-1.0,4.437884252243155
-0.7161580147140997,-0.775079611071335,-1.0,0.4124750185837077,1.0,0.7946576570199295,2.9507228028856756
0.17862216345178183,-0.46677360136907997,-0.7600267375273118,-0.11061364530206161,-0.36900137268552125,-0.28269420516455335,-0.3340344602349256
-0.42122134803427236,0.0472458887067666,-1.0,0.6626347561852732,-0.09395861671696915,-0.6614259990919968,0.34126606732366577
0.8130866743669709,0.4501109782397297,0.33894221307135375,0.6016088803380655,-0.14707766361252506,-0.9134313799224477,4.64282396108123
0.7718905033900301,0.18986015796978906,-1.0,-1.0,-0.32545768496009125,0.11006379623412788,-0.5751487771309299
0.6228204719446828,1.0,1.0,-0.037921092318322414,1.0,-0.023498854063977004,-3.0098623822908013
-1.0,-0.7353619645006854,0.12027052636605584,0.4683588817458594,1.0,1.0,5.095077907417508
1.0,1.0,0.796145728928275,1.0,-1.0,-0.5508938080888496,7.242366897219746
-0.886852113277245,-1.0,-1.0,0.41828384949034014,-1.0,-0.544912092614245,-5.355894246809114
-0.4771268141597767,-0.2967869238589884,-1.0,-0.3799870760352402,0.7239263673398788,-0.24013132984882232,0.02326552747313848
-0.02697224035361878,0.36528540677942034,-0.3931770369944223,0.18683553553455534,-0.39973345841947655,1.0,4.145635658304023
-1.0,-1.0,-1.0,-1.0,0.8323228299886911,-1.0,2.729362052380042
0.11272761186806957,0.155506998625345,-0.15049865778320426,-1.0,1.0,0.8184322442424107,4.617041430567285
0.7897134339416358,0.9192368064355558,1.0,0.26518969027399164,-0.29079074760323587,-0.9852435392587646,1.6701444507189882
-0.4676781963423924,-1.0,-1.0,-0.8092566909694476,-0.3553136638311933,-0.4014865754818935,-2.8961766650076726
-1.0,0.15717862048966952,0.07378443031394312,1.0,1.0,1.0,7.656234088162014
-1.0,-1.0,-1.0,-0.2507394873482074,1.0,0.3683124119662691,-3.7408207958500377
-1.0,-0.7261106283691263,-0.4333735473276452,-1.0,0.9219743608602102,0.49606526739906187,2.019439593219076
0.5951065386601383,-1.0,-0.9734240969154642,-1.0,0.23451467193996334,1.0,-2.523380251681423
-1.0,-0.06829075943686691,-1.0,-0.25762707348596714,-1.0,0.15468431267580002,-3.7764535176650864
-1.0,-1.0,-0.7155550111023252,-1.0,0.7151485982214261,0.31268014379042364,-4.252963689991581
-1.0,0.23022614462727975,-1.0,-0.019950080379975366,-0.2332254258071741,-0.0040289495155350075,-0.7353540326301325
-0.036237719060808526,0.6442476856231243,0.7141989009076564,0.06252907921307305,-0.8227678486406753,0.557877441945033,-1.1142544640669352
-0.8143143371972255,0.07456900165248126,0.02310698311343612,1.0,0.16983136444127678,-1.0,2.1387597402906704
-0.5481694658854612,-0.5401281655674421,-0.7011579033850893,-1.0,-0.03621529704554684,1.0,2.363254949546472
1.0,1.0,0.14029405303084574,0.02604423644373277,1.0,0.16649776021592444,-1.3401967159142807
1.0,1.0,0.7665779803807289,0.1446972284599064,-0.15175273835253578,1.0,-0.911392031700917
0.5639625947223015,0.34590556371276887,0.9333722469227015,0.8799610454439126,0.8437226071547541,0.032278526939845564,-3.2064498319163324
-0.3199955671436159,-1.0,0.7122307082373622,-0.48515620026645423,-0.40972937761077943,-0.8504242935935786,5.944081998303728
0.3385050324838307,-0.66902294643424,-0.16512622734273927,0.5897156363330885,0.5458290756411776,-0.6552684654998158,0.6887217453045996
0.49997307437624927,0.3069832897402703,0.8721231020060418,0.5246995949075015,-0.7936184249066074,-0.9592568927171862,3.2716178897441437
1.0,1.0,0.6955994379938023,1.0,-0.4211428314046884,-0.03250271247370573,1.4513007530426671
-0.23824833160398573,0.4844249183435636,-0.6235984120054646,-0.20394641637462474,-1.0,-1.0,0.1918901797688657
0.13676202429170675,-1.0,-0.9536688665107558,-0.27752081153340585,0.515563372847587,1.0,1.6137160189377164
1.0,0.8415535707438921,-0.38686560438715956,1.0,-1.0,-0.15668564262436954,6.512922249701073
0.8066336241802852,1.0,1.0,1.0,0.6251357579873168,1.0,-7.681827090576525
1.0,-0.0665345839972552,1.0,-0.6301803687300928,-0.45044493181175216,-0.1167141075943251,2.5872612957519436
1.0,1.0,0.9127451187788136,1.0,-0.6422693702419344,-1.0,7.205604291198302
0.6103913389443048,-0.6924819396411106,-0.6950820284581181,1.0,-1.0,-0.9631879993649834,4.332111369307306
1.0,0.8287372450184981,-0.43980971690734905,0.9849820433362512,0.03618921718865298,0.22834425275281012,1.352068500183222
0.1961184646558668,-0.05992951179603945,-0.2033505283058858,-0.20903570530686255,0.9733546007059866,1.0,3.3745956474117036
0.09177811888979664,1.0,1.0,-0.6826991830714584,-0.27173750215366627,0.0580112260282721,-2.729693353891578
1.0,1.0,1.0,-0.4623632721346121,-0.5462532548700738,-0.9044413741986856,1.349451368829696
1.0,0.06380329732996493,1.0,1.0,-0.26750599901441485,-0.1376302226444026,0.7694941955550204
0.08217715306326012,0.0913280380189796,0.09635123592165962,1.0,0.8179789633490929,1.0,4.535526220331356
-0.622962471835833,-1.0,-1.0,-1.0,0.0788658957203775,-0.7675230247101674,-0.9348226201666534
0.8919983452312663,0.00356081705628708,1.0,0.8926483723155718,-1.0,-0.9425409587502722,7.018598038593101
0.545277561496995,0.7933299001653163,-0.3484573221469237,0.9058634076510843,0.21945552091778425,-1.0,3.7141818834065257
0.4903811023135536,0.028850881036484477,1.0,1.0,0.8941217156521071,-1.0,-1.0217859764702681
0.24835330062963912,-0.2547599275921311,-0.5943304932810751,-0.10126948208888636,-1.0,0.9499863035063141,6.069499004672034
-1.0,-0.015502666469496384,-0.736305239177548,-1.0,-0.025403849389488475,-0.5727373760446245,0.27421250198609565
0.028327138889022607,-0.4689299176688666,0.5461296281111994,0.5002940140478915,-0.6054684259662406,-1.0,3.563238503583551
0.9261742932355533,-0.3389435646233158,0.5434821445968445,-0.9409258175671444,0.2168676214184072,-1.0,5.082184856598521
-1.0,-1.0,-1.0,-0.33683365624952066,1.0,1.0,2.044944719368408
0.3734144128253425,0.765056647258395,0.9386746472793099,-0.7173060834867038,0.4220400946161904,0.2937383655593351,-1.9465492208811046
-0.09173722255621998,0.4204075501289288,-0.05267627952611453,0.6170882593228472,1.0,1.0,5.498729930290246
0.5805490661607807,-0.4704624493217422,0.5083214027842106,-0.18598580455649216,-1.0,0.854250773754573,3.3081594651859514
-0.8606498890221903,0.07959921700444564,-1.0,0.5249918835845219,0.372150158608075,-0.7334886262396197,1.722042596845519
0.6059989170149851,1.0,0.6353970811623455,0.11363647924498044,1.0,0.9618756742927401,0.31822843473969686
0.052224321897087034,1.0,1.0,1.0,-0.03694752286750569,0.2654112400812709,-4.8480365815305015
-0.11380499225708895,-1.0,-0.516084785628339,0.19192015348245417,-0.742859847333291,-0.6650932372587838,0.21401376634964836
0.9289652894915297,-1.0,-1.0,-1.0,-1.0,-0.25780340897650483,9.707591702140073
0.11588652947341944,1.0,0.025897569233263057,0.0929129264308105,0.12306587361585847,-1.0,1.3343907759946572
0.6710328422478945,-0.5161616148689095,-0.9951181915640971,-0.41067247535396123,-1.0,-0.1299345747981029,3.4460868306723644
-0.5816230473019133,0.9966967805438737,1.0,-0.1816429535828244,-1.0,0.8020939663354738,-4.509109922259959
-0.44584894116269014,-1.0,0.4204705025552633,-0.6472350047931693,0.23094886644658796,-0.2506975220699323,1.6872908834633802
0.9683483138523581,1.0,0.821113505940845,0.612600601421279,-0.11668663643446753,0.5966644640307179,-2.470364386657766
0.45670514635385906,0.8759919593086656,-0.12921435151577265,-0.42781079276741407,-0.12703409221772577,-1.0,1.2898700671676966
0.35876482625393075,0.5589725648135269,-0.5095899302192254,0.5483264753189059,-1.0,-1.0,4.514038808199651
0.5496633335384079,-1.0,0.0729048225047618,-1.0,-1.0,-0.9727492083514904,14.348762698496166
0.544266997280108,1.0,-0.704515021324899,1.0,-0.8256579561822893,0.9272250106250429,8.26727970493
1.0,0.8292349425398287,1.0,1.0,-0.27283979840454275,0.31998101298056836,-0.5775773471874246
1.0,1.0,1.0,1.0,1.0,1.0,-10.118137906607076
-1.0,-1.0,-0.03296303955707347,-0.8774077950422163,1.0,0.5748261344998808,1.6789499407457504
-1.0,-0.12768170966379488,-1.0,-0.9135014862275326,1.0,0.7761739484440119,3.731400681095676
-0.2930965694781803,0.018923372443696684,-1.0,-1.0,-1.0,-0.37686487352279263,-1.3590221716229567
-1.0,-0.21972697464323482,-0.2719990222428092,-0.6252897924067701,-0.03688812317403656,-0.5958331660241956,1.2803339048891111
-0.07501780599347796,1.0,0.38396748040236406,-0.9699968201167517,0.2388867105083321,-1.0,-2.7188950524564333
-0.24116208503283576,0.41896033607247474,-0.381141222905231,-1.0,-0.517238795203254,-1.0,1.644859099647531
-0.7406811812277988,-0.02415161447268588,-0.18017257925678876,-1.0,1.0,-0.011500868694218624,4.161337208780431
-1.0,0.3230985890221655,-1.0,-0.851026825515175,1.0,1.0,10.896057543505064
-1.0,-0.35975313514769613,0.131577601910019,-0.980430705519827,1.0,1.0,5.8227600224718294
-0.18032821906534902,-1.0,-0.2988455467720656,-0.5241718481365591,-1.0,-0.44017891066306414,2.156370429249861
-1.0,-0.6607611117212564,1.0,-0.15730580495902302,-1.0,-0.7014338155955548,0.23700661085454333
-0.012357436681811995,1.0,1.0,-0.4980824354701781,-0.5521461863346242,-0.7557353809836902,-3.4767777787343435
-1.0,-1.0,-1.0,-1.0,-0.16428593368254707,-1.0,3.3825210344193186
0.8547630867158389,1.0,1.0,1.0,1.0,-0.48013220652053534,-6.197489226771741
-0.30766694202909584,0.5673095167566995,-0.30415822607417553,-0.04258561729224175,-0.6845934139675074,-1.0,1.1641624716197239
-0.6656754038374184,0.8847510699962917,-0.5835512183926761,-0.9623486693984411,-1.0,-0.22663513770472754,0.8515975776236261
-1.0,-1.0,-1.0,-1.0,0.2561793404620957,-0.08668775181381,-7.544100718117774
-0.5055457840640936,-1.0,-0.08413133957294938,0.42741936394352503,0.7250056452294339,0.03296318710186108,0.10036452526806466
0.6296201087232862,0.7952618393020741,1.0,1.0,-0.07465847572628415,0.24147064277737462,-2.8508293738315054
0.7759054831975449,0.8050307012236602,0.5047292022014127,0.2123721044590403,-0.683937424901856,0.30880752621053675,1.0106942388037958
-0.27398330894063005,-1.0,-0.05961160835289392,-1.0,-1.0,-1.0,7.689520009289802
-0.6404474331690551,-1.0,-1.0,0.8008621130706337,0.818926762285765,0.5422076866699965,-2.173732508133823
-0.04047316448914784,-1.0,-0.6779596482633787,-1.0,0.9264109028076154,-0.666911829073281,0.5966494643945044
0.7469086400463454,0.36155366393439814,0.3026006807986905,1.0,0.24502939781847932,-0.2736766144180599,0.1488109011848442
-0.04954882375508962,-1.0,0.38724968547459127,-1.0,-0.2928174012106073,-0.9850750658550449,7.408314766089374
1.0,1.0,1.0,0.37436861224922646,-1.0,-0.5286444950987232,4.170954091000986
1.0,1.0,-0.2594240122866105,-0.05170460730871504,0.5761516915573083,-0.753494951182747,-0.39000865917257055
0.9773248288821543,1.0,1.0,-0.1760767201567659,0.25310860364354837,-0.3287278675276014,-3.4790119632464167
0.765778961315997,-0.6686921729891434,0.33956567343637123,0.7327073714764857,0.21774015475733083,-0.0963749408802898,-0.31578684582765676
-0.24012600958021402,-1.0,-0.5930665631079336,0.14875092017329988,1.0,1.0,4.455680210175282
-1.0,-0.5031763756106014,-0.2782991603013488,-0.049529120117501324,-1.0,-0.4683565249964863,-1.7246442179955765
1.0,1.0,1.0,1.0,1.0,1.0,-11.430133698971215
0.8111212970188533,0.8922177642602089,0.8210096872205804,1.0,0.16442108815927614,-0.11151636535433751,-0.740068316532037
-0.08980577024960827,-1.0,-0.6154532258726357,-0.5038507718014363,-1.0,-1.0,2.7542416260440112
-0.0792045019781552,0.17783042128584886,0.23234856926508374,-0.8796621068145702,-0.502882174966919,0.25204314640117353,1.531108172855535
0.3867058898735082,0.09147759066686167,1.0,1.0,-0.6279520776229186,0.12904276856812244,-1.1054311871365758
-0.5016146489319291,-1.0,-0.5987485112994877,-1.0,1.0,1.0,0.4039616744151179
0.2248901940069161,-0.3114763537641504,-0.6693886978039737,-0.584151581710256,-0.986675775948895,1.0,6.399281568179737
-0.33861266101937115,-0.6203070790064455,-0.9692655157973672,-0.10669998643938006,1.0,0.6652501726073485,1.6170188022543017
-0.8743317711381816,0.2330187889103733,-0.30045849880624553,-0.2623024690817384,0.4615100925122118,0.7048735731917761,2.9144589843636046
-0.3067403271338901,-0.8292175960409337,0.5102067309363906,-1.0,0.2839777254442893,-1.0,6.956384374927599
-1.0,0.3762218419578862,-0.40510164762137624,-0.35705985408644747,1.0,0.7234633336584134,5.131570610930245
0.32250267081717643,-1.0,-1.0,0.3272940091696353,-0.8740412983115184,-0.4433942785452189,-1.0883597500300979
-0.4695636247988186,-1.0,0.3932908037722169,-1.0,0.14715210260432487,-0.47836777947246056,2.56403762964496
-0.3208965388002174,-0.25997573364926807,1.0,1.0,0.14684512803871352,0.08902884397348632,-1.3987526015234197
-0.22052652036345266,0.6996069887238214,-0.5896681680745226,-0.9678089036936159,-0.6719780521283547,-0.30244242067668414,1.3265569299295954
-0.1776873681351483,1.0,0.441903211742395,0.7436860461510445,-0.8054875990863621,0.3889971889182711,-1.6954983865717987
0.7137209236213149,0.6291944858671625,-0.0025121666885378757,1.0,0.30692865280769244,-0.4094863366559216,-0.539117997419281
-0.7710798153046134,-0.989341477312033,-0.21403252378609372,-0.6884935342638034,-0.1522005497574298,-1.0,4.334535090314721
-0.7927609672097904,-0.6314934217081473,0.35798932907847053,-0.7772999721932655,0.0257886581520739,0.6291314531002383,-1.8850055897724998
-1.0,-1.0,-0.7141401420199114,-1.0,0.8141055737451732,0.9486422118571587,-1.9152655912716312
-1.0,0.8818605482366566,-1.0,-0.7630943044542029,0.7375711941474592,1.0,12.547543234552387
-0.3006703210052222,-0.20035577736943366,-0.13992177956592006,-0.48937130578216465,0.143832149545253,-0.03869383501717061,0.8347265498550273
-0.19537031371121905,-0.8244408888668235,-0.20329724007618544,-0.36823481150462467,-0.119273820725452,-1.0,2.7586867385059843
0.4191855556811669,1.0,0.34735762850577045,0.3321337847447239,-0.3738621853202405,-0.3954415200029554,0.40750059379542075
1.0,1.0,1.0,0.12073776817186888,-0.47516514985109093,-1.0,1.83990367982509
1.0,1.0,1.0,1.0,-0.6687931646138175,-0.8872252030877026,5.823163093280708
-0.6196081313607142,-0.4182828995050653,-0.6894696968061238,0.552958149267311,0.15596262836878982,0.42217320137567893,0.09357871533365109
-0.3163151464524836,-0.7219020981192974,-0.2548562866219374,-0.03775789008633734,0.9388118298068553,-0.5296207048889635,1.1957272001540362
1.0,1.0,1.0,1.0,-1.0,-0.9874926611285898,8.003395246153614
-0.46479169020371003,0.11754612633775585,-0.09064222918547798,0.8252680275367189,-0.5097824018458382,0.06781524663033378,-1.0859412598425813
-0.44601951119616157,-1.0,-0.7947019399781858,-0.7800205041884423,-1.0,-1.0,4.305383045474111
0.18606910422052803,-0.4159335829962407,-1.0,-0.386784703445998,-0.06456176904097011,0.2600544327395151,1.1537243238261068
0.14986562889817873,1.0,1.0,1.0,-0.14831758171606857,-1.0,-0.066706592457775
-0.6533324988434459,-0.07156275586593902,-0.653633320436098,0.8364880593949684,-1.0,-0.6735894209192484,-0.8751622961931584
1.0,0.1561428717356772,1.0,1.0,0.27937744144757237,1.0,-3.929251909811367
-0.5081368479755399,-0.3757090125920395,0.19006837433427554,-1.0,0.3556430017345036,0.3041596752846203,0.19035223685424282
-0.1983003222796081,1.0,-0.04325678725359883,0.09052302777183202,1.0,1.0,7.451859546439861
-0.44466549105495945,-0.6846279775724098,-1.0,-0.03013134213317681,0.2808089148482167,-1.0,4.370512743540864
0.8363366813137529,1.0,0.10087013130512645,0.15120068015004706,0.5042019371841956,-1.0,1.59542167041018
0.6210242356898181,0.5194137369270453,0.3024306999612055,0.2941977101964914,0.7433873181127661,-0.9505090550669023,2.367236273693478
1.0,1.0,1.0,0.6223897505926712,1.0,0.1486243946060892,-6.268014110917508
1.0,1.0,-0.9537260994631834,-0.7069017835166173,-0.35316752821111974,-0.3536937364037065,3.5897158755497807
0.317932257373903,1.0,-0.5467071876200784,1.0,-1.0,-0.15403041239897175,4.192712515259197
1.0,0.5107802318030074,-0.3608955316628031,0.2849161653239499,-0.366554158945838,-1.0,4.129136954627156
-0.9354024681552673,-0.4014223499752201,-1.0,-1.0,0.19888787355266618,0.4537381941485009,-2.148782213447651
0.10698856519061284,1.0,1.0,-0.2408646346584885,-0.09684155289094559,-0.11940553143765903,-2.3684711711410094
-0.12831704272440148,-0.8906877471918695,-0.2918472535331815,0.7087635295423858,0.16528981042897176,0.20976785451396557,-0.8943082097363897
0.26384957196948633,0.7022031703031981,0.4212071212974068,-0.48770035487465496,0.4048723871422049,-1.0,0.923599093388787
0.6948572476759785,0.1777032924521441,-0.11985513683239546,0.28736971145411905,0.13879873909870655,-0.1881128278620173,-0.35231266089115587
1.0,1.0,-0.3846833322069374,1.0,-0.4992775208065492,1.0,7.897281956093151
0.16338357930767672,0.8477592648885832,-0.13826568442793297,1.0,0.9499945156290139,1.0,3.6215214717258335
-1.0,0.9531606703880389,-0.4636573877855308,-0.007859131508045236,1.0,1.0,9.918776033816338
-0.8840122517174182,-0.8005152125002097,-1.0,0.06277876423255346,-1.0,0.22562893933204164,-5.329408183396485
-1.0,-0.12815388989184207,0.12372250824361797,-0.33170456248740116,-0.7213025536841019,-0.6021602651611617,-1.4795396753283074
-0.881778992270791,-1.0,-0.8076519589524762,-0.8185821607927823,-0.9675500838192291,-1.0,4.305202515656883
1.0,0.14730893059978345,0.06078645120235171,0.7454926679425038,1.0,1.0,1.026207484860734
1.0,1.0,1.0,-0.15383609725164293,-1.0,0.07758432653363612,1.4360947870008343
0.6016493979406983,1.0,1.0,1.0,-0.0793346869344318,-0.8689083938255382,0.6410162482375352
0.11166943331211437,-0.20993570420928587,0.6339416204273551,-0.6308635008680245,-0.7419327052821425,0.5885871572648284,-0.4342105050110855
0.4463093689366525,-0.09656566340158548,0.44187044647392837,0.2917606512934751,1.0,-0.05880869045514389,-1.4764750702212635
-1.0,-0.2890684271747095,-0.010209321419705764,-0.6678576306642352,-1.0,-0.7661161089863413,0.12291955320499559
1.0,0.5944976740456607,1.0,1.0,1.0,0.1759203142363065,-6.906360133763875
-0.3384420920340684,-0.7711236174026375,-1.0,-1.0,-1.0,0.995722617417701,7.484588704170585
0.7147092230118038,0.5798140344423007,1.0,-0.3233655111460388,0.6996009535862742,1.0,-3.4181515586533813
-1.0,-1.0,0.3242762322100677,-1.0,1.0,1.0,1.4688623953155706
-1.0,-1.0,-0.5548523969420516,-0.30346131345633787,0.10378570383469332,-0.2798449688823895,-0.9811653586928559
-0.29998407249633385,-0.04974091178461415,-0.6107029904536525,-1.0,0.0003218389066500238,0.14617590223411672,0.157844839087164
0.5897749876124274,-0.06168240745632059,-0.7712472843084072,-0.6147071863708673,-0.24270762646552724,-0.22699144096589102,0.351787478774496
-0.004676641107229207,-1.0,-0.9356106156448145,0.49975497027195703,-1.0,-0.016043998806561377,-2.3442566487036482
-0.6855665910072279,-1.0,-1.0,-1.0,-0.04307205641484568,-1.0,2.46579100342317
-1.0,-0.35724650793193446,-1.0,-1.0,1.0,1.0,6.725836638569203
-1.0,-1.0,-0.17840655939732375,-1.0,1.0,0.6861252488340391,0.8671521693208831
0.2362220990483056,-1.0,-0.045394433092442954,-0.00018666514202692053,-0.9486952632563145,-0.18230708939884632,1.531205704348137
1.0,0.05139562662752306,1.0,1.0,-0.23156573478198306,0.4299581140287936,-0.5409800323293847
1.0,0.7821443295965549,0.986069723987049,0.531363721756748,0.47665457430969305,0.9344699487260901,-4.9496350783041665
-0.8164135454941974,1.0,0.7404162414424809,1.0,-1.0,-0.14552413855878288,-1.1291582080309757
-1.0,-0.441282263505558,-0.9138985587403845,-0.2501422626025809,0.3690142229837461,0.9164434358937517,4.36601833717331
-1.0,-1.0,-0.15077358728195356,-0.5947324314908433,0.26047455163866085,0.7907396583899562,-1.7334249784496514
0.213300850009851,-0.17695208484460356,0.19145233649379412,1.0,0.03568126888891898,0.5642309354487793,0.4757070844550155
0.564650794467142,0.7285542685318287,0.6804249271984073,-0.4282360590951073,0.2492578864635024,0.47404843012327336,-0.8272688849955031
1.0,0.32527791534819817,0.1494036516907496,1.0,-0.6726019147078638,-0.5467440440283319,4.721655295408209
0.8389630857277101,-0.43554417653279587,0.9953413396721625,1.0,0.0952837876898916,1.0,-2.551765874961857
0.0017960759580828156,1.0,-0.9330127684289546,1.0,1.0,0.8364918648333325,4.329399165046453
-0.24950748495215025,0.5640643771942213,0.08095851178842484,0.9756574217925404,0.3250837387333778,0.10481155775816331,-0.44636729963953575
-0.7075543748925297,-0.4767640973022107,1.0,0.34289057097637143,-1.0,-0.06981191489896843,-2.905980108137901
-1.0,-0.6081866799512662,0.3095023343761334,0.7323949826615177,0.17988480054727085,0.14457378938440085,0.009578162604338178
-0.5440128486410409,0.22521910087456987,-0.2695438332173121,-0.6687537079655765,0.8280622030167014,0.615673981940699,3.350275504224186
-0.2654956756088069,-0.2995237071254486,0.40508314579608024,1.0,0.17181320764577146,-0.8820626765880805,2.125581288156968
0.7462124898052196,0.058833145758808936,-0.07149940407153421,0.25809841610711104,1.0,-0.04946337878035559,-2.9532028204342797
0.5917018813101895,1.0,0.4287985333953894,0.10263583758945383,0.7417916616103503,1.0,0.5776244197640819
0.0383856280572108,0.5026430145930583,0.7021170720025227,0.8779866482425772,-0.40418643318467007,-0.23149995516464428,-0.10315133290047324
1.0,0.5589361014414707,-0.3158393945746397,-1.0,-0.11995755961561061,0.18978318025938612,2.976388096180667
0.8662447806532702,0.171910940555962,0.2696295700244534,0.1636243231232632,0.6949330485360414,0.048789885022860746,-1.7448501791749316
0.32930257712387356,0.5391994723512521,0.7934418584921414,-0.4943584841488273,1.0,0.9790294169235104,1.7765543922000888
-1.0,-1.0,-0.21939554210449774,0.10013106166767227,0.09384797864682004,-0.68271018205729,2.146683349433932
1.0,0.003824510191452468,0.7265498698612771,0.7257318114195535,-0.6531489898553021,-0.6232411940999474,5.051805466441795
0.469828438410794,-0.9758630543516793,1.0,-0.7140360006803459,0.995609308898304,-0.09938567457901709,-0.8818214368903146
0.2619793894241238,0.9346653356141263,0.5204495190044178,0.8787353129530948,0.43387240113987335,0.005199054409487314,-1.8034169345767037
1.0,0.23741684919481537,0.25857249523998255,0.03423684921663439,1.0,0.9019795892537088,-0.9579802649797131
0.4805336793600703,1.0,0.08922903417311301,1.0,-0.6863905775757212,0.03552044037602009,2.4843235111543147
-0.34828732354537617,0.01193993984474745,0.5964974836882171,-1.0,-1.0,-1.0,1.3271833543148517
1.0,0.8105958382071146,0.4954549779695187,1.0,-0.4690573533578004,1.0,3.737099298406192
1.0,-0.08495144823344081,0.5127979369947417,0.3927166022763343,1.0,1.0,-1.0055516814165018
0.7240576009671627,0.6131132035033504,-0.053895303923322785,0.2007584483202044,-0.04112557103419928,0.2862488507723153,0.5466782579000599
-0.6418508330996913,-1.0,0.7181140031402533,0.39462859345965007,-0.3157432915846885,-0.1739830506868184,1.9653874206040354
0.550274316361544,1.0,1.0,1.0,0.8472509894126481,-0.2576966528588318,-5.887026712803035
-0.17094419280559858,-0.7927327255065595,-0.5571717850443836,-1.0,-0.2727323209135995,-0.16445238881717872,-0.6834531067037043
0.33596256721432816,1.0,0.31060906358265594,-0.38081762653189777,-0.8187324159215181,-1.0,1.3916314349334244
1.0,1.0,-0.09157343940850393,0.819315938836919,-1.0,-0.5314062025788018,5.574973518505642
0.8782443520886352,1.0,1.0,1.0,0.10357297212155836,-0.6219503248135874,-0.47070351381204706
0.4044804717836839,-0.2694215590879133,-1.0,-1.0,-0.7987663670098764,-0.764143648184055,2.091134117781577
0.3836250801300945,0.17832208933006366,0.3149006774087144,-0.6304277766368049,-1.0,-0.11012069045103165,2.2861541755806694
-0.37296472015376225,1.0,1.0,1.0,-1.0,-0.7188850417396674,-1.2589240255973588
-0.182408377113207,0.5752626683091244,0.9010509840378172,0.48749524538487987,-0.8410610581470797,0.9665866916203504,-1.675411021922226
-1.0,-0.4897316984700206,-1.0,-0.8851989696299362,1.0,0.9881564323706866,5.500516646949775
0.20354474678960655,0.6652223204928321,-0.24639630116623276,0.18053502592676784,-0.05189870535502472,-0.9854509370862705,1.7801933673154475
-1.0,-1.0,0.4854504915255048,0.4743915512604448,1.0,0.8502968386944306,2.4705277706409365
0.23006593632807049,0.22250435108452016,-0.2033059097047738,-0.4687631696578071,1.0,-0.6707367587502717,0.5469880254029
-1.0,-0.7691108520191166,-1.0,-1.0,-0.7414361267941553,-0.18317888306622032,-2.001308370325849
-0.5586276671813053,-0.7068500113285245,0.41970301274723765,-0.16484834910220297,-1.0,-1.0,1.404538486907482
1.0,1.0,0.5263300652774293,0.6470246897830365,0.5076249557831138,0.7459359073657812,-3.941551261833827
-1.0,-1.0,0.04965245689500605,0.42693981895636046,0.7070349124899595,0.3792653103665508,3.0876881432477123
-0.30794086001404536,-0.9268823688816299,0.7793582221193869,0.4292988858182275,0.7073895386497759,-0.6537084247357094,4.0784688586595
-0.455682624562627,1.0,1.0,-0.47227358726714974,-1.0,-0.835492154480837,-4.60172088443322
-0.6768451435802924,0.756948878293921,-0.7804434864601709,-0.3692327968383131,-1.0,-1.0,-1.3519219246222491
1.0,-1.0,0.40517244410687014,-0.26557518999006263,-0.4308982568131762,0.19020704208430977,3.345554546117815
-0.67167284865081,-0.029849311308607296,-1.0,0.0460548106526609,-0.9508025711830275,0.46417221131238173,-1.8498746910802129
0.34602206408263325,0.01616829399371053,-0.7100253811155897,0.8139854572366967,0.18613458363601487,0.13230784806952578,-0.7491468143655218
0.2959416040707667,-0.4991914089722601,-0.24165019302315277,1.0,-0.4439101071673326,-0.13839030807438224,0.6189089032736504
0.009285455371721152,0.573791557853357,0.7155681630020002,-0.4932057050447737,-0.7462424964387698,-0.9774285756137833,-0.003492034385600251
0.1786180933498791,1.0,0.128551014187532,1.0,-0.8172828018747272,-1.0,6.061530196088997
-1.0,-0.0860142332390057,0.032827919927029714,-0.7397222086863786,0.21708974765546885,-0.1625198686761325,0.8673421845055043
1.0,-0.33139892134778726,1.0,-0.9549552652097004,0.2833803843653624,0.08170155415129554,-1.7092864369074123
-1.0,-0.20628240116444113,0.8618159266348365,1.0,-0.4318112467676505,1.0,-3.9619504525740177
0.6797978860065952,1.0,0.9781169160660286,1.0,1.0,0.5275210391336755,-8.250909898083325
-1.0,0.8403976914203537,0.5483230918741648,-0.46242070764685445,0.9266399375556236,1.0,2.8331197962002017
-1.0,-0.12440199648289707,-1.0,-1.0,-0.6312646362897315,0.7838774264141029,1.8164601607955406
-1.0,0.36906204633966355,-0.16782453446488443,0.09243943679231949,-0.456689161516272,-1.0,1.0817286366659404
-1.0,-1.0,-0.3605956029866655,-0.7300657141238043,1.0,-0.6192785260277376,3.279854175151496
0.7487740834601913,0.15560668311780568,1.0,0.1933553593042991,1.0,0.8706039549519005,-5.065621652334493
1.0,0.8465654038334249,-0.4313646392483178,0.7349349931303921,-0.7444584794465176,-0.1863010365700053,4.925028805272051
-0.4880704663064875,-0.6001581453315484,-0.4775664926593473,-0.5612622155863933,0.1591470005173191,-1.0,3.887953312836498
-0.5300927025284231,-0.08654452564810544,-1.0,0.02487679516464497,-0.19852839616978218,-1.0,4.980934671435165
1.0,0.3511710687962225,0.3296007206040921,-0.04570057487339685,0.24430400990361245,1.0,1.4028083042384674
-0.3967822854335832,-0.1533202866318626,0.06631530716148393,-1.0,0.1477468124437769,0.88974100597549,0.4514765289990301
0.09154478735526639,-0.42087042241087685,1.0,1.0,-1.0,0.35983732193290136,-0.8369123575454132
-1.0,0.2827701893492678,-1.0,-0.8241476470480645,0.4920727857580074,0.4165584452926604,1.2412084999155448
-0.3486810069948842,0.7948811415743936,0.4917619322655682,-0.7281420079566568,-0.5217266663017817,0.4891368652044585,-0.11733874279359141
-0.9853245154280303,-1.0,-0.36315551189388917,-1.0,0.890924501048395,1.0,-0.10508125859690798
0.3519534686937809,0.6344379465440447,-0.06602907742883514,1.0,1.0,0.7142915092456722,0.5574784704839211
-0.13033696499760866,0.4539928021748916,-0.44656143763338435,1.0,0.8433769043149952,0.611960866685244,2.058163698177234
-0.9808204280113019,-0.8540843978950998,-1.0,0.07906281787288671,-1.0,-0.9107351018860221,-0.787643401865461
0.27590188922549297,0.4170034388491657,1.0,1.0,-0.0228708273603625,-0.874048033459738,1.8763792792613259
-1.0,0.8376210386657308,-0.39980114917934606,-0.274639469894031,-0.6692524467754134,-0.5321134371668967,-1.4576344675199961
0.2610453305263869,1.0,1.0,1.0,1.0,1.0,-6.191077420449805
-0.6658376498057689,-1.0,-0.8726519473673722,-0.20699304366658433,-0.8178714607645393,0.8904945416009523,0.32085650573445934
-0.1517651260551086,1.0,1.0,1.0,-1.0,-0.38179233132234613,-0.7012556546949368
0.6349199120186403,-0.8130570822406795,-0.4249267620789495,-0.960563214839286,-0.07831850514159694,-0.5748082173778857,1.508296353509635
-0.9653904091372172,-1.0,1.0,-0.13128821614365094,-0.6042216065668089,1.0,-3.7222622010073425
0.5640157972830178,-0.14840872275031347,1.0,1.0,0.9576007541214315,0.152332348445803,-3.293980061773185
-1.0,-0.08685501882611435,-0.30044698454222285,-1.0,1.0,0.5227668962581744,4.9051750540989225
-0.0050485208652251146,0.5058672441415393,0.5163970279944012,-0.6179771385466675,-1.0,-0.5080625026109082,0.3316586524310837
-0.4970563364003924,-0.8710463772634252,-1.0,-0.5854087647333915,-0.9335158913679897,-0.3302389630657717,-1.4698912676059528
-0.3372351550017914,-1.0,1.0,-1.0,1.0,0.2466644619433947,0.08882789429420279
0.6306850142399762,-0.32511169008365826,0.8163799126231207,-0.07861042659598327,0.6369526951637112,0.5235955532590336,-2.3667460117031376
-0.1513573015430747,1.0,-0.3920871751923972,0.7015279058144634,-0.31148499444144867,-0.7922406239354101,3.624415852178066
0.016696722058315266,-1.0,0.4596560485952613,-0.4061125110981177,1.0,0.06848149191269326,1.1451278042584436
0.993858514745092,-1.0,-1.0,0.6146961812393532,0.6840549789980697,-0.2581353322998641,-5.646068999405612
0.8261569040807648,0.33349537023481435,0.2568885855271992,0.6527697374784571,-0.5589559989473999,-0.8801401681536383,4.597837086177692
-0.007979743035845671,-0.3387306543619088,0.03335869557127352,-0.5740043223918733,0.5868456884945061,-0.40093566941618936,0.8644944767499984
-0.639794690167033,-0.7159035545377945,-1.0,-0.11027438166772519,0.15535830553260477,-1.0,4.908025921309039
-0.6292950897446995,-0.03701238799904644,-0.5751161970603792,-0.20567894100878303,0.9727255952881395,0.1664073072575315,1.0091765009916416
0.497731729621207,1.0,-0.6856626821540713,-0.9704405108817136,0.34531928216809227,0.6150472544294328,4.054086937699958
-0.05146071546853187,-0.46941541845468354,-0.2292165560722481,-0.9498302429027196,-1.0,0.0019206863075297287,2.968272032293215
-0.2922860654828538,-0.03605381494938059,-0.12716423547099293,0.972794318063395,-0.9119719117533495,-0.38505889408015087,0.30614687857475925
-1.0,-0.8478258819173481,-1.0,-1.0,-0.870189571890449,-1.0,5.02926791243675
0.3606170190098318,-0.12274012656800898,1.0,0.11314836746568413,1.0,1.0,-2.3166444916079394
1.0,0.7267803375730335,0.27778529898308146,0.3361319300520369,0.8897707514891317,0.4862469402232982,-1.9599771707376759
-1.0,-1.0,-0.7434838291139872,-0.8778055505376874,-1.0,0.4492375054654028,-2.8686155973370853
-0.29239213452374946,1.0,-1.0,0.6448266352496059,-0.4510047114483735,-0.7840100464544388,4.750499670883076
-0.875718032389846,-0.629200495138563,0.030747438988459663,0.6839264826618163,-0.4727506944651083,-0.11455858494468263,-0.8627147974546467
-1.0,-1.0,-0.9447615459694124,-1.0,-0.2452762121978147,0.8309908694819113,-3.523906101799513
0.04471764113862786,-0.39455361979388864,-0.7397838767605065,-0.5645025093988054,0.42875252686419185,0.3313944607624707,-0.12966029157295877
0.19076629590586558,0.9329919276162641,0.9330905252188241,1.0,1.0,1.0,-3.3687876619376564
-0.45840457208512975,0.6776169595856132,-0.3727770655272516,-0.7974921240627324,0.34577027977496155,0.961828257602644,4.814838860517328
-0.4648913124978675,-0.3132569386417645,-1.0,-0.5947152068239299,0.44278363699493206,-0.17793362293417614,-0.7131975439281215
-1.0,-1.0,-0.270100228771187,-1.0,1.0,-0.19737271216788144,2.2225228350047037
1.0,1.0,1.0,-0.14537490566175582,1.0,0.20963640633942893,-5.422847514253412
-0.15638688784198998,-0.44016804006675736,0.3144948008022934,-0.30466409965515306,-0.2259687573278849,1.0,0.5250435600539474
-0.710337256932553,0.6511946936585582,-1.0,-0.15074874946208672,0.34828224369742666,0.2453930472741228,2.198500701284083
0.893217998549342,-0.4243141504004103,0.12317336286699743,1.0,-1.0,-1.0,8.95235376766242
1.0,0.6850789060605673,0.9812358833554098,0.28057316675771315,-1.0,-1.0,6.440308042587706
-1.0,-0.6065406061705843,-1.0,-1.0,0.13238017213851117,0.8511563867212861,0.5295261006499641
-0.7037594239985703,-0.6378500708235828,-0.7776561684984826,-0.1710546068554719,-0.7645877263337173,0.014978012744592206,-1.7220170109331019
0.1276588511539656,-0.26526364697713867,0.8065988559698899,0.9197002397599876,-0.4712464634613941,-1.0,3.0140533183870235
0.15524119184642093,1.0,0.8277771763952737,1.0,0.6336975831976105,1.0,-4.997422033010336
-1.0,-0.06019457802383599,-0.3206215208609733,0.7718914649902927,0.27838821157202115,1.0,2.944620451152104
0.07671170818672302,1.0,-0.5880585283573012,0.048916922230480483,0.5486383053733268,-0.5590946583451661,0.8644427373173118
0.6966640979902801,0.970103528141683,0.7032483272552374,0.901152565302159,1.0,1.0,-3.971695723110638
-0.04938081658335863,-0.05704035688284104,0.41698429495416106,0.7423468386428556,-0.3626144546220038,-0.9773362930574674,2.6778843302042072
-0.734880514699539,-1.0,-0.4670007730144141,-0.5458721540507994,0.3197541166964226,1.0,-0.7132194210724709
0.7884375211580994,0.4092095224167451,0.8801368217935761,-0.3344687103387607,0.26321669316390894,-1.0,1.8472896497904352
1.0,1.0,1.0,0.29760234580983247,-0.8449011003893272,-0.5052124095444948,1.951304106005105
0.582395092320243,1.0,1.0,-0.3225150115549345,0.09867001639319582,-1.0,-1.803276372120056
0.7530517756378667,1.0,-0.22750629655240195,1.0,-0.8171759799160909,0.12862499534681215,5.673132568935085
0.05434264983905668,1.0,0.37296247604198507,1.0,0.39529373867874373,1.0,0.7010314057569232
0.3705469468095253,-0.5975010739018298,0.8683063629902922,0.9457978535989005,-0.016217113893822743,0.6078128881557427,-0.8156234646476167
-1.0,0.7156696276239384,0.23773831557946068,-0.5181432073615649,0.9872292691787636,1.0,6.529109078558539
1.0,-0.9459051817701284,-0.07583158750166352,0.4289158936777854,1.0,1.0,-0.23799817481841362
0.6569686246180073,0.14439542374521963,0.9809344655460142,0.9726028954652715,-0.3822589852317205,0.20715190096396363,-0.7983051462007916
-0.7685680341641834,-0.6914472389824494,-0.2872264569580161,-0.4939116936256527,0.7487761481408295,1.0,3.8094992320211456
-0.7881759853458892,0.038021599167121,-0.2170643344265033,-0.40194966144689515,1.0,1.0,5.844993584114564
0.9898026163054743,0.8212997658651802,0.9999050812547726,-0.64272127886594,0.4282074826298419,0.48309752327748756,-2.3670712008568526
0.5473449270902158,-1.0,0.6925213671982529,-1.0,-0.6639032681249911,0.3520456531248086,3.482129429281556
0.811560169452336,0.8273131847688815,0.18001639968954897,1.0,0.050836532262487355,-0.29585518668392935,0.6055872779715081
1.0,0.793660398297406,0.7105188830982174,0.7432641084647789,-0.6335481213715733,0.6358859085701172,1.4924325100982032
1.0,1.0,0.19246860112029585,0.7696133677518855,0.614278384201864,-0.6519389191375606,1.2693098281971005
-0.08676222127594341,-0.5485091538722964,-0.9397409081926663,1.0,-0.3929843390509216,0.25287283303341873,-0.8200817801150232
-1.0,-1.0,-1.0,-0.9347388905949439,-0.2639454157896589,-1.0,2.2432557639029875
-0.12381622453988883,0.5578792333208284,0.191054966840688,0.7114900830355646,-0.8352753533606954,-1.0,3.406307635372958
1.0,0.5242554724646025,1.0,1.0,-1.0,0.2833444942615536,3.7147399451929464
-0.15267249731196952,0.12284731629643286,0.8843066576412664,-0.6633785064319715,-0.9627773627294082,-1.0,0.5171642023722566
-1.0,-1.0,-1.0,-1.0,1.0,-0.29919101653242147,-6.255652069098216
0.03562705411659117,-0.4679228788541425,-0.2349395915250858,-0.14372940516415067,-1.0,-1.0,2.6336676346355867
-0.8656963175239066,0.36526802568921046,0.5070074285708268,0.5011905322608423,0.27000697783852334,0.2566362452696317,-0.1649181208356245
-0.48083851915159814,-1.0,-0.38369774378609944,-1.0,0.5169981971985715,-0.36303175067437293,0.3825193996063726
1.0,1.0,1.0,0.11674494005552205,0.380762780390115,0.43097932117644294,-4.283894884735308
-1.0,-0.3788427603663893,0.02538341975535141,-1.0,-1.0,-0.05110903683261703,1.486765290321493
0.19776003542492593,-0.5176306336241625,-0.025172216508327794,-1.0,-0.16359195150502215,0.06859988382996535,0.10057057285039239
-0.3537394250344047,0.019527911239660856,1.0,-0.7114216708207726,0.563993468638096,1.0,-1.6697308274490308
0.9496603211308242,0.5642946437319751,-0.8999126808349249,-0.36016486629400823,-0.5160079732197963,-0.2696870664208073,2.7595621406747193
-0.820142623012678,-0.5581434405192787,-1.0,-0.9386289015199958,0.621487533475588,1.0,3.403382483653958
1.0,0.14227571321957766,0.6611810913477356,0.5494757141748337,0.9671951933699378,-0.3574044372637419,-3.015143345881779
-0.5360599737273484,0.8266377009419722,0.13329411104133132,0.9994007338711304,0.3221678641959962,1.0,0.46067544395201265
-0.6349123193024089,-1.0,0.13377666398457094,-0.5528688070153702,1.0,-0.18988089974537842,2.1086395811213565
1.0,1.0,1.0,0.6228192833516675,-0.6447611541093625,-0.9372501032195975,4.394877615389831
0.719520717896435,0.44462114522769514,0.055664805738920575,-0.41962421006579376,-1.0,-0.5814792864785485,3.568462805954415
0.27536340483923316,-0.8318983254530388,-0.16828424923605012,-0.3363483420670832,0.2754517399048756,-0.7108789005273496,1.5177622430681452
-0.8151102573100849,0.5597330834675713,-0.03869222736849656,-0.21269435661881386,-0.6952929140249002,0.310824865504421,-1.6210626655602647
-1.0,-1.0,-0.7016314179066125,-0.47546725311521865,-0.3648413741784263,0.31368532488856654,-3.4881943789385836
-0.7065926452375004,0.22846643255996324,0.23049432978950868,1.0,-1.0,-1.0,1.275117865700755
1.0,-0.9590119676467412,0.16017310074525376,-0.8634491780670916,-0.5571806112585673,-0.38525465241156254,6.748425871586395
1.0,0.7562894030223547,0.4807879226353624,0.45482772345899225,1.0,-0.46357814598962577,-2.130252143397684
-0.8137265999468835,-1.0,-0.12258070871034676,-0.3389284898189272,-1.0,-1.0,1.7133090588577515
0.969230962346674,0.039926811483611546,0.6811384890575638,-0.4948343884535325,-1.0,-1.0,7.543676291943972
0.27950182568169046,1.0,1.0,1.0,0.10732565886321976,-0.7689441466236393,-2.184563844031387
0.8200669109017007,1.0,1.0,-0.756397599336085,0.5688544620026752,-0.8415819192803881,-3.832773992233539
0.8035873148702317,1.0,-0.5000496983489631,-0.8029713183871745,1.0,0.0754201121631577,1.4980465565887429
0.36460578687919365,-0.1980176840438827,-1.0,-0.3080879740925381,-0.7429659961458088,0.04896177611106023,0.5049107620111354
-1.0,-1.0,-0.9519387725826081,-1.0,1.0,0.913617547735645,-2.2189195177021603
0.06059717291993838,1.0,1.0,0.593759617901229,-0.9063612898544963,0.604436730713758,-3.0845966596896863
-0.1897695426957603,-0.8961109342551641,0.18540340654301884,-0.6137826376541781,0.25313075403486573,-0.040172580154805376,-0.0463064603145919
-0.3100510992876405,-0.6722704937755846,0.7982444174292531,-0.7579758569894027,-0.9969508683284991,0.3476585954879519,1.1221518793662804
-1.0,-1.0,-0.9725432189057269,0.1501264501170026,0.3901663913639249,1.0,3.707634383990062
0.8885755896117584,1.0,1.0,1.0,-0.4396736441537259,-1.0,5.221638514249095
0.047603418468633835,1.0,0.5657923879891679,0.694424083220407,-0.2910391645071179,1.0,-1.3201125483082201
0.2562147871169501,0.9725078945973853,-0.05258615477732105,0.5564241237877311,-1.0,-1.0,3.499920030210623
-1.0,-0.8510641609113163,-0.5735705237131388,-1.0,-0.6325521269023827,-1.0,4.747382952627478
0.3579335985181016,1.0,1.0,1.0,0.35978602466598675,1.0,-5.946513830929093
0.13026251503870223,0.7716942479489466,1.0,0.700654800189702,0.6494290047706163,0.24656898696268015,-2.8742824442426818
1.0,0.6144186160094594,1.0,1.0,-0.5682859443876004,-0.6828148884423456,5.048955038672212
-1.0,-1.0,-0.35067628631279213,-1.0,-0.4494800147942446,-0.7414361514065746,1.9125622950900607
1.0,0.13181301288349057,-0.19141764761353908,1.0,-0.3705397948170739,-0.9752491819308851,5.716946787387926
-1.0,-1.0,-1.0,-0.6489060842875769,-1.0,-1.0,2.9375697922102026
-0.17090132005478242,-0.0975336749612642,0.8818358303086372,0.5572789709774534,-0.022873264000165427,1.0,0.3685323005125194
1.0,0.5829699158481567,1.0,0.6218816842819803,0.2729720964635015,-1.0,2.8756251904135595
-1.0,-0.7259770895180385,-1.0,-0.9068275953205716,0.93148928491882,-0.21682518074244128,-2.8090011855361663
-1.0,-0.4898891742511363,-0.7594541380231836,-0.6646376162355208,-0.13826298357606043,0.14420340458400382,-1.621483311125076
0.03221728465113077,-0.4843913574030698,-0.6135545080615631,-1.0,-0.34059711878207477,-0.17551976643988376,-0.07606665679427314
0.1059415500829155,-0.1686212599668433,1.0,0.14588837078975336,0.18100866091670886,0.9861923869083796,-0.9256553542758432
0.5991542857445966,0.047475018206701525,1.0,1.0,-1.0,-1.0,3.2617356274027487
-0.24106783202201765,1.0,-0.01144255968002883,1.0,0.5895992163553245,0.6331921827437591,0.7794334713303802
-1.0,0.5788446954976083,0.5224659919836611,-0.7682446393520335,1.0,0.5614278896370049,2.417687246710077
0.17296799223626924,0.6178161251738783,1.0,1.0,0.5399401289852387,-0.6383558597834686,-2.003306917015103
-0.3363894801536198,0.34482354169584795,1.0,0.06336209342769175,-0.07273591299341087,-1.0,3.519452585727988
0.3230234557577579,-0.09270623033395708,0.08241385995466155,1.0,-0.1598827799524427,-0.6263866111034524,0.8782426200436049
-0.04330707832503719,0.05537375950858017,-1.0,0.29904834807212954,-0.42106347166803454,-1.0,2.3930979071515677
-1.0,0.05401300418273214,-0.7403306504185956,-0.33735410919432596,1.0,0.2696116529149055,0.9201201304373806
-0.3258993143106662,1.0,1.0,1.0,0.7647396731871297,-0.3232823716315829,-4.563579855456104
0.04970391926662521,-0.11604347073869312,-0.26662526248987906,-1.0,0.2317940596138833,-0.4314515366999495,-0.27268980990954367
0.7411212550106671,-0.9945230316340119,-1.0,0.5827358523788155,-0.8409688708121978,-0.7839640559946714,1.8694885496251812
-0.5920630001810006,-1.0,0.0059304789926025725,0.5202619955102874,-0.0976374634261404,1.0,1.4223449749780546
0.9159531476897614,-1.0,0.7629166768675404,-0.029591817584582597,0.34895348073410926,-0.2965391786499252,2.838302540984027
0.8346362103685772,-0.2348799579509895,0.17471660815665133,0.872200891638657,-0.7200001284777352,0.648917746411799,1.7867546647903847
0.9207817876447446,1.0,1.0,1.0,0.7974496099095846,0.25126347660643544,-8.13900290665476
0.41163233172761576,-0.6232059074282272,0.419845458893632,0.7110234727400826,-1.0,0.3066267468275019,2.532349888288139
-0.4835448096609688,0.24545445493594453,0.12331552856366085,0.4133918568545034,0.5777755896882344,0.5507640436580352,0.25337142741107965
1.0,0.5340774538672932,0.729528278768929,0.21758229983146826,0.0069336586553437884,-1.0,4.172323312985772
1.0,0.47162968485901535,0.16110555175387142,0.7083131410035148,0.6963323180721008,-1.0,1.3648261354736242
0.7302604098647403,0.6677019913304203,1.0,1.0,-0.8825963321819033,-1.0,6.0659765827484184
0.023185662815654373,0.7523145729390784,0.3114381280611619,1.0,1.0,-0.39201905875612597,-0.36468542844397284
-0.5274760398999542,0.5929757667562423,0.20992181983027064,1.0,1.0,1.0,6.083632514575835
1.0,1.0,1.0,0.6159781953337735,0.8947483508223208,1.0,-8.002494392326359
-0.7726940132558642,-0.9426237508489448,-1.0,-1.0,0.2748806318919249,0.6102579582529746,-4.829435887664959
1.0,0.8968000428032061,0.4910470836872955,0.26399205039364315,-0.34123659144888263,0.08825483235934439,-0.3902511039562859
-1.0,0.23505546810603972,-0.37948044915003476,-1.0,-0.1505791039596558,-1.0,1.796181635236665
1.0,0.5374682242447362,0.049598333664024,0.35916044359478616,1.0,1.0,0.9755235667548618
1.0,-0.09640674020928641,0.6731582847227959,0.04716702930718997,0.06424584607929429,0.8486452130028556,0.25671325519588023
-0.16693319966065667,0.0004999238613883628,1.0,0.3324089190713665,0.5342266157149178,0.8132496336846913,-1.7174395428377405
-1.0,-0.1213097517497459,0.4741469593606461,-0.20585708161579264,-0.006172563684195165,0.49202431731893165,-0.5666394401012476
0.7691904082636941,-0.021997750477869005,1.0,1.0,-1.0,-0.4184058745826822,3.3109861909483893
0.5106141522501055,0.622133028949557,-1.0,-0.2550714735343732,-0.6182122614468015,-0.5541176353411632,0.823939022960652
-0.6673238227116154,-1.0,-1.0,-1.0,-0.9396215368750054,-0.8517959100931283,3.488620470637181
1.0,0.9706416857791844,1.0,0.9722873670434218,1.0,1.0,-9.505466759143019
0.25881878453570684,1.0,1.0,0.718926830728275,1.0,-0.15165065520076715,-4.816517633381329
0.9403040004976673,-0.7210708261970076,-0.15167673969470052,0.6779629416884689,0.5179904835649228,1.0,2.741431741476358
0.4824459132813604,0.8191262797001442,0.32207816022931196,-0.581210955342166,-0.06594763485410038,0.1287191076224783,-0.29555166139131955
-1.0,-1.0,-1.0,-1.0,0.10868025342982157,-0.10924211942238293,-6.885836808364425
-0.1746536381987751,-0.27720294678286894,-1.0,-0.7774013803079617,-1.0,-1.0,1.565866915132314
0.5352454257863737,0.9785244129050888,0.8199414460605505,1.0,-0.9520213699201927,-0.15377398759087657,2.1066477484069797
-0.5316892348457689,-0.08947686329515303,-0.0738098136286911,-1.0,1.0,1.0,7.514164249301534
1.0,0.5429616580610075,0.7548380220364206,1.0,-0.8229852633265242,0.03326080022401845,2.7083380072714585
-0.8789779665092547,-0.6256537629134619,-0.6195476935535031,0.779373219833568,-0.5890601152597765,-1.0,0.8649723029802212
0.18131280405738218,0.19957200598622155,-0.5036711218782031,0.5693049687434767,1.0,0.18724184316700065,-0.32361391790554095
-0.05057750114558662,-0.5827261863420559,-1.0,1.0,0.15532751997750263,-0.3073925923282872,-1.9782052317892551
-0.0751712078546537,0.5171253989453117,0.7619852550072947,-1.0,-1.0,-0.7041582935977095,-0.19642396801265882
-1.0,-1.0,-0.9123316852413421,-0.9316476203204616,-0.6579306151283395,-1.0,2.6057685584955297
-1.0,-0.13964008179444648,0.8390386291292634,-0.09613482947248875,-0.011842409672527199,-0.49748552980106964,0.1996686911533283
-0.024995595150853395,1.0,0.5933540712514149,0.273133576946594,-0.395351928506674,-0.9215425834281128,0.5430174524537865
0.8669404730998749,1.0,0.6473403051360793,-0.7269459815752187,1.0,0.04099520142269303,-2.1784102803266965
1.0,1.0,0.036976429595448446,0.02505995534458272,-0.30269551568067193,-0.35347250716518797,1.4687650321868535
0.16090523755046296,-0.29923248305165484,0.922944997659188,0.21562986293427255,-1.0,0.41652892956179854,-0.7621619655331338
-1.0,-0.6951847607678114,-0.5686215475533711,-1.0,-0.35721568536080595,-0.7995237904342405,1.289018281298289
-0.05282743605349452,0.7463266137667188,0.7002962112413336,0.8793136240209526,-0.40684958642398317,0.12892053770457657,-1.4900421869045068
-0.7833930763966156,-0.8623476103970604,-1.0,-0.2149873976258987,-0.8224070345029515,-1.0,1.8875736943596662
1.0,0.6652639720488014,-0.03581295943331714,1.0,-0.47564654255653727,-0.5313356620569705,4.225726546156938
-0.6738979998250739,-1.0,-1.0,-0.9415117090031182,-1.0,-1.0,5.116549687547408
-1.0,-1.0,0.36868040366358,-0.05090284023998287,-0.5845316520741561,-0.9824754176325874,3.743718003701689
-0.5306437949228997,-1.0,0.22845796646843247,0.8847023832869281,1.0,1.0,4.312117934633768
-1.0,0.6797669873659768,-0.059476695104009325,0.6403302268448907,-1.0,-0.2980461854382501,-1.6499910285133266
-0.09802567762668274,-0.7401578862866461,-0.9100154533130049,-0.206870073808191,-0.44289273114155125,-0.08927074777254329,-1.2659450304850972
-0.504952864408651,-0.8770123728675709,-1.0,-1.0,-0.4322366951756561,-0.5769499347542462,-2.2842274164359218
0.4462555022516492,0.8972789297402177,1.0,1.0,-1.0,-0.918345365640629,4.414743194539393
1.0,0.5822819045316605,1.0,1.0,1.0,1.0,-7.988234629360278
0.9101533837645711,0.8335585102305187,0.23054636871697864,-1.0,0.015758966186496193,0.6892183722797447,1.328283796854498
-0.47794098180487454,-1.0,-0.3172781828669634,0.2193639866232373,0.18809943255097772,-0.9074155985356958,2.695037413347766
-0.18329796885140343,-0.13293418085621966,0.19506331034340588,-0.5416310213472754,0.745014081752434,-0.03399046814907669,0.595548882042113
-1.0,-0.2991155196011831,-1.0,-1.0,-0.6735888136079042,-0.31793627576523464,-2.253516443615993
-0.8190368208381544,-0.7969611962317686,-0.08130198600945615,-0.4677704809930294,-0.754289381921484,0.331791874506693,-0.9793126132493803
-0.9672256280920987,-0.11630465537847073,-0.965099924730336,-1.0,-0.09959468507911651,0.36668174320026686,-1.0276892256895924
-0.3144606972025644,0.6486578141191824,-0.7105403787245129,-1.0,-0.05205685292313686,0.5426416826669929,3.3847437217387064
1.0,-0.9512731750975083,-0.22138469107590186,-1.0,1.0,0.9831342774859657,-4.328661502981213
0.9717495627951775,0.9552273807954643,0.06376172533030533,0.8462003730447734,1.0,-0.06585512217584125,-2.3997993988435127
-0.8401367845039223,-0.7302130545133667,-0.9028937644695683,-1.0,-1.0,-0.27283615330354016,-0.10237481030241752
0.42254666819112174,0.4000355424788022,0.23288881413135576,1.0,1.0,-0.17470588983619084,-0.7228834899232581
-0.8332196041965179,-0.786359947370133,-1.0,-0.9302120644146743,-1.0,-1.0,4.317257094356258
0.09512539657430902,0.6633709224612121,1.0,0.2095957597315803,-0.9570015040389837,0.20055204159361406,-1.7517489722130197
0.6706928823045785,1.0,1.0,-0.13808700291211284,0.8111637357894718,-0.05387805783770805,-3.1682770979780934
-0.4931871394664286,1.0,1.0,-0.29085166615314706,-0.09779085478739336,0.04601463407561168,-2.217143154205738
-1.0,-0.9765011905134225,-0.7444340278229093,0.02829918441998891,-0.6076329018753518,-0.7128416066545121,-1.5300541722828231
0.6883663572093578,0.7382472735570879,1.0,-0.5445928459584515,0.5260081352000379,1.0,-1.26949425293711
-0.2505248862487457,-0.18962406798685227,0.02949634620137709,-0.6347097312247933,0.5389332864716432,0.33718688944384656,-0.003016567459576014
-0.03836628465605085,-1.0,-0.39011119468917377,-1.0,0.09850727930253922,0.33269611388325865,-2.459322245730699
0.16712796757023163,0.5956824379101435,-0.33553446315540536,-0.9576634331624714,0.36962837979205965,-0.06579957393648023,0.13895941693700153
-0.7902799544420325,1.0,1.0,0.9905051277799348,1.0,1.0,-7.755473200459325
-0.060790769290357316,-0.6853024625872236,-1.0,-0.881230200133176,1.0,-1.0,2.820835647979272
-1.0,0.4723320465861386,-1.0,-0.5999293641013493,-0.31446844205171076,-1.0,6.220830537124785
1.0,0.7332302215278426,1.0,0.05818572976325487,1.0,1.0,-4.582677474838237
0.8910404879154943,0.30140584110040736,-0.10149631267612752,0.03800399787205788,-0.7870787913787951,-1.0,5.644183681801296
-0.5907836986070221,-0.6241549274651688,-0.39426524203710034,0.8958344447732516,-0.31318580194537576,0.3600688169632931,-0.8337740154146001
-0.8259479545673346,-1.0,0.4937276904483797,-1.0,-1.0,-0.6308021788099396,6.745332149108391
-1.0,-0.0793046765862869,0.3832538312386202,-1.0,-1.0,-1.0,0.26751685359709193
0.6510371296312442,-0.1653143957513581,0.16207290732085577,-0.6019727125618688,1.0,0.6442663360038081,-1.4928645094586028
0.22046219358132357,1.0,1.0,1.0,0.43431367129763443,-1.0,-3.7153350107277863
0.5587257694411003,0.7188743693614463,1.0,1.0,-0.006641179107330253,0.3753172129422562,-2.656959936547611
1.0,-0.05776110926262758,0.8844848292792089,-0.6156995797749267,-1.0,-1.0,7.1870045701252865
0.43628899618487804,-0.1694846520361064,0.7853019890773066,0.9447383536785862,-1.0,1.0,2.2015319278963212
-0.09014641626538322,0.7302524225279037,0.8582366003393671,0.2250066824397453,-0.7651226185643815,-0.6326312698715821,-0.6016561895711322
-0.9644834018941898,-1.0,-0.3877652370167919,0.12433603673128235,-1.0,-1.0,0.4186751837898678
0.2705503151686007,-0.7745214102279112,0.9064930760014221,-0.26891886957514494,-0.651812300724524,0.2990327132136764,1.0378074580234442
0.7932705577850367,0.382740245774728,1.0,0.6031654721078069,0.36162400001055645,-0.14491061822137996,-1.4717991979724174
0.8192100182309521,1.0,1.0,0.4296172477272022,1.0,0.9269743624303464,-6.031859062538654
-1.0,-1.0,-0.2254160566566183,-0.1818266650753213,-1.0,0.48158942655281345,-1.9476985814118848
-1.0,-0.7770239282130869,-0.9543409003733243,-1.0,-1.0,-0.601516982706409,0.622065821067997
1.0,1.0,0.7705403593334601,0.5401306110448048,1.0,0.44756018404262865,-5.70684814542217
0.7203607530436589,0.17082521295873412,-0.08776222442312864,-0.7302475391496376,-0.9712190908011283,-0.11674704663686047,2.9860018696517665
-0.027444582015718644,-0.4393619042003959,-0.4932259645501871,-0.6059966405926616,0.6448282754680759,1.0,3.029578170745641
-0.11755424708966133,-1.0,-0.4505289563535785,-1.0,0.41819939860369104,-0.2529085834940257,-1.2322820019975838
-1.0,-1.0,-0.9614644987625809,-1.0,1.0,0.40905321461577904,-7.158658389789179
-0.4991304242590683,-1.0,-0.522223195599723,0.2632744817939804,-1.0,-1.0,0.21712273931755116
-0.7321183712138543,-0.5925459373810443,-0.6206932079185645,1.0,-0.30537052127899944,-0.3769337290084602,-2.019237342038473
0.6722142295273579,0.7346173599660089,1.0,-0.07399339744140815,0.42293815288927833,-0.4664016693976506,-0.9162491402344933
0.9301199041359038,1.0,1.0,0.571536700018576,-0.29946058300734735,-0.1689532057918885,0.23602891235476858
-1.0,-1.0,1.0,0.4881119369409262,-1.0,-0.4320621704599138,0.01776111221311409
0.15516767189746358,1.0,-0.4420632567606496,-0.5932921455655167,0.5488633551498834,0.9395815082635371,6.172816939717597
0.8566016615533895,0.45238767817612235,0.3324093133158188,-0.05932917419757805,-0.5955400436176024,-1.0,5.388723259480996
-1.0,-0.7395631375423266,-0.13305341517210123,-0.29285379652558574,-1.0,-0.567889003333407,-1.4229125852609508
0.1456670627568446,0.013033773894609912,0.23437291141645944,0.5395379112038132,-0.3334049188840612,-0.5284242604192967,1.2450372005472343
-0.50185294968933,-1.0,-1.0,-0.6412601422989186,1.0,-0.6606224480739717,-2.7416788407069483
-1.0,-1.0,-0.5944938377731868,-1.0,-1.0,-0.8976423683370951,4.783680664598155
-0.7293136033940502,0.5445065926322574,-0.2923118800735542,0.42416059286983854,0.7649123330616083,0.7652826324693933,3.784879117504814
1.0,0.7486657066359741,0.014404215814050936,1.0,0.09921344909330149,0.9532484042618284,2.4762100937934
-0.27556011186410956,1.0,0.5409001410369902,-0.5309144058099918,0.45627405973853463,1.0,2.026061773619617
-1.0,-1.0,-1.0,0.2523289522325847,-1.0,-0.5383887251052099,-6.341183973303593
-1.0,0.03307841505276399,-1.0,-0.29846811049367106,-0.7368557231950582,0.38916587704717176,-1.3855894809860259
-0.43344611065865424,-1.0,-0.3043213390647801,-0.80180021090633,-0.22121951646922944,-0.3986439924882781,0.8639019075186825
-0.5067097860067054,-0.46170182073584476,0.03868856383531827,-0.610171004126955,0.0042118462744282215,-0.37329185435625467,0.8386395320869263
-1.0,0.1428750895778732,-1.0,-1.0,-1.0,-1.0,1.4505048954710025
-0.23316754519722083,-1.0,0.11455715149287005,-1.0,-1.0,-1.0,8.99354698329473
-0.2945613898988273,-0.7101392335953283,-1.0,-0.5459669820070904,-0.4294186041985868,-0.6630356815846584,0.1275802962296266
-1.0,-1.0,-0.8068183047922672,-1.0,-0.17772921296031297,-1.0,2.5067695347389076
0.02526253345389462,-0.29962194170583517,0.8886868693777698,0.3867982690159131,0.449134979433702,1.0,-0.34306307078199044
-0.8593536472299501,-1.0,-0.7854246149326785,-1.0,-0.34336370568083885,-0.6837531022792642,-0.29379841900210457
-0.5201196330184239,-0.6562132404305472,-1.0,-1.0,0.8459491162459367,-1.0,4.900070711505982
0.575529268018033,1.0,0.33575366570791654,1.0,-0.2764640427097117,-0.5880361720551627,2.7738009997483335
-0.2599763222361724,-0.8572551123109357,-1.0,0.5495353428028755,-0.5969282910775247,-0.6375526078429115,-1.9880313111994532
-1.0,0.7672310741955534,-1.0,0.5335683008884602,1.0,0.9935852522289963,12.207282526299515
-0.9173789962284931,-0.861567913440319,1.0,0.9985792749794198,-1.0,-0.27262028503149105,-3.4852902884950443
1.0,1.0,0.5700244277955631,0.8134738830305686,-0.5090653220233502,-1.0,6.989566962023575
0.05873373939965765,0.4131260931857738,-0.6094941212468392,-0.7206034818195668,0.9768063271908471,-0.22844718901562333,-0.6504235758315128
0.1905815015883653,0.4653134868873792,0.7369723084371376,-0.9958768744224189,0.32073721342399397,0.7354906907699541,-0.4581688955966056
-0.30727362423215243,0.17188929911175854,1.0,0.5035154225314425,-0.9269100392976042,-0.23642781944991104,-1.4244717406355856
1.0,-0.2543621253530006,1.0,-0.7306650963433122,-0.8727009044323986,-0.15380068190487028,5.732140596126158
0.03010021350526404,-1.0,-0.05822005724139023,-0.7948057996697175,-0.861543277837368,0.8795613245914494,3.654141006735563
-0.2840619822015391,-0.17060703749593653,-0.6409536191945298,-0.562125852990406,-1.0,-0.3067701221307866,-0.8064190152830422
0.4135097581581325,0.34976153875187316,1.0,-0.08937314978607824,-0.7220973874123847,0.7254884933500656,-0.5540173060079907
0.9219566773071828,-0.16138762792625766,0.08215678402047007,-0.090728230165667,0.18423180001120099,0.16255560580612435,-0.07226723387447143
0.7988749434183412,0.9341413762423791,1.0,0.803999123144532,0.9583884172901324,-1.0,-4.5058477074605054
0.4102130341370024,1.0,0.09936249308637135,0.29154435597860684,-1.0,-0.6807614329494024,2.889620808880119
0.12573575278587207,-0.576935570057272,-0.5299110522157258,-1.0,-0.38480241797820697,-0.8871674289238947,3.265237941011252
0.6896097731675752,0.18500123122029638,-1.0,-0.2537773534599208,0.751852554382439,0.08803826555735748,-2.7557810527247373
-0.29030309252053477,-1.0,-1.0,-0.13546012573539112,-0.03866573737906531,-1.0,3.32366068892454
0.9202717530041663,-1.0,0.04576272673500423,0.13689101173822243,0.14234740281907687,-0.04110135101298906,-0.033907629739823655
1.0,0.49781148460702784,0.49968524799858716,1.0,-0.9967150043243019,0.29857551794012954,3.6861310334821917
-0.21340220677698601,0.9193277890323085,0.7011896322375855,-0.5887700541604062,0.09115989623198195,1.0,1.0001740868264561
-1.0,-0.1871349786175438,-1.0,-1.0,0.05035834281131213,0.576893077415147,0.60885478058625
0.49960049915994453,0.5603208439959294,0.8200135047999468,0.09735431334031086,-0.09560310601931676,1.0,0.590572685029447
0.1288242237241486,-0.024235797796393177,0.08580388070716172,0.556901119685812,0.11429448050827687,0.6641212396667134,1.1415491284424526
-1.0,1.0,1.0,0.41589897004336385,-0.8227953226621889,-1.0,-2.2895383392577537
-0.006749986507629813,-0.37098379861662634,0.25548131756213155,-1.0,-1.0,-0.9468683429232374,4.131868292375771
1.0,1.0,0.2843777054429786,1.0,0.5037596090077072,-0.3913244320913448,-0.22655630243417635
-1.0,-1.0,-1.0,-0.6730279149581089,-1.0,-1.0,2.987766940074077
-0.2743317153357806,0.05672203243200119,-0.05984857288588763,-0.028990586714610966,0.555866744080563,-0.43769244666084944,0.7181504000731064
0.033828148104325204,-0.2561006543050396,-0.543963613286369,1.0,-1.0,-1.0,1.9887024371827915
0.02788220848978483,-1.0,0.4108556381399919,0.6479234849394183,-0.2905301158853666,-0.6786743647436202,3.3107959458052076
1.0,-0.3119382079258588,0.8017402675434662,0.3717152558763301,-0.1671469116279325,0.7364828614086301,-0.384009199202226
0.6808132051294915,1.0,0.2592434950018341,0.694394672266744,-0.9700465936199966,-0.31840635176651766,2.7748684448846563
-0.679700680462611,-1.0,-1.0,0.1606844971848449,0.2656814750132168,-0.8532628565484023,1.2314315705017727
-0.37618688600929096,0.25176271782526505,1.0,-0.26584343327658994,-0.3650951922428014,-0.776769066478779,1.0630134468463623
-1.0,-0.008996912121411071,-1.0,-1.0,0.4003401225365934,0.7800509141553331,2.668699718607521
-0.763049263311129,-0.01703295705697122,-1.0,-1.0,-1.0,0.44632093063922035,0.008383747436349065
0.5257501092466045,0.9738063564216758,0.40400792888694703,1.0,-0.0037531630275675076,0.6430647154141725,-0.47162564883239877
-0.007333529488143906,0.967782794255623,-0.34111731951281227,-0.04339293195262006,-1.0,-1.0,1.444575698660357
0.3707340755524841,-0.9637696377954096,0.44684414696657915,-1.0,-1.0,0.11095996842082603,7.822768907721682
-0.32577057534210296,-0.44195989143883774,-0.4088165867150859,-1.0,-0.9302140551839673,-0.20096617576107345,2.330095900592847
-1.0,-0.01782880115498331,-0.5327223224574777,-0.2429941648927294,-0.19039085544435103,0.13339525445175807,-0.3368075240102401
0.39695660926189125,1.0,0.25666699419843503,0.43521050321808863,-1.0,-0.3423688178674973,0.8700459521021664
-1.0,-0.454107029459885,-1.0,0.16519854214289637,1.0,-0.21088271628361444,-1.806553711109845
-1.0,0.6229240181602559,-1.0,0.8612642028345351,1.0,1.0,10.222684278844717
0.984797729528234,1.0,1.0,0.2381912060338489,-0.36201269667870956,-0.847729132072454,0.6104297538534896
-1.0,-0.48538771506393696,-0.8413269975209399,-1.0,1.0,-0.5803147545732918,2.4137143182048044
1.0,1.0,1.0,1.0,0.004727656228792218,-0.23628678589449725,-1.495199061010947
0.8470005248151209,1.0,0.046097046517886264,0.16305785966570108,0.616046723247412,1.0,1.9406974530561139
1.0,-0.11099567448753747,0.030814240437577745,0.6159405000135509,-1.0,-1.0,8.230943632276187
-0.6351901441918042,0.6884439015345241,0.06280563322765009,-0.27589779589734786,-0.10183281522768639,-0.07555054546749007,-0.21359953801681247
-0.7048644234797505,-1.0,0.4842521041364517,0.08227390238071366,0.9308545214866857,0.6245968469334616,2.2983536166012817
-1.0,-1.0,-0.536974323865177,-1.0,-0.18540117074397,0.321836787088836,-4.489947126655453
-0.001643586022072166,-0.5554537599400883,-0.5979893339282364,-1.0,0.17912807831517152,-0.05265759246714083,-1.2047662721656227
-0.990238914468739,-0.0797612936080746,0.2782268451234301,-0.5559625417701992,-0.395596218858544,1.0,-0.9234496249692992
-0.6095359919599957,-0.17051872061386253,-0.505639805346487,0.14449408246187345,-0.44962196186921294,-0.1782886905922224,0.374575145965782
-0.78224598628457,0.024335130904594222,-1.0,-1.0,1.0,0.4332123359260103,1.9829227231553284
-1.0,-1.0,-1.0,-0.6758038696133748,1.0,-1.0,3.257768875543554
-0.43170043189304447,-0.01748386674855501,0.16899037495528457,0.08739860419452175,0.6190331642166766,1.0,2.7299467068151637
-0.7152582317539744,-1.0,-0.9261057800354284,-1.0,0.32434057351171586,0.6874523434982758,-4.974891478607501
-0.2977539829489624,-0.5027048990485634,-1.0,-1.0,-0.820160797465532,-0.27269351637612194,0.08033168566721155
-0.010256272097320829,0.17331743064525115,-0.21957064986960495,-0.7287378173776741,-1.0,-0.9753303124980566,1.5376618710819456
-0.05577467539253167,-0.7367159809345674,0.06319524760016282,-0.16994877818302778,-1.0,-0.7005651858577366,1.4193221864009422
-0.1852489053036635,0.2131430287048829,0.47879171772135065,0.9551549674424801,-0.1369813021780657,-0.25800787936643266,0.45574687250838747
-1.0,-0.10397535732065855,-1.0,-0.7030307385029388,0.265584323481158,-0.6431206588887659,0.7452430536192636
0.7143066212609122,0.13151193775439207,0.8071864664845652,1.0,0.5551240824764984,-0.7601016663227856,0.30024409503061184
1.0,1.0,1.0,0.4788728352298126,-1.0,-0.6319967879179258,4.173733725989748
-0.16126766059871145,0.46002195969691106,0.5712754592843,1.0,-1.0,-0.3681499325602544,0.8367801825391685
0.06936090681359808,-0.3312945458650996,-0.05299802644228163,-0.10631575127263482,-0.06002332519802113,0.8218940220505263,0.9238073135207866
-0.22132222834351822,0.41677485008221626,-0.34138128484265773,-0.6592083389620153,-1.0,-0.45840714464514126,-0.19725374062322473
1.0,0.7271811253992644,1.0,1.0,-0.43020540617270714,-0.8134087474052469,6.041586477869501
-0.013679824818497499,-1.0,-0.8275339462014681,-0.11263307025664182,1.0,1.0,2.1689864355597703
1.0,1.0,0.9489145818517319,-0.25084873082608594,0.9323266853366751,-0.2573407123268132,-4.013458695666335
-0.39368011602734726,1.0,-0.5940246811214029,0.42532222511755957,-0.41074394462553443,0.5287720948587975,2.491488069690297
-0.7075407553888359,0.19200609264168647,0.11873626387114355,-0.06139761573692337,-1.0,-1.0,-0.7592750411167069
0.2641176930280859,0.7667609769956937,0.6673988767385416,1.0,0.9829781220807687,0.017571565160346525,-2.812897311623476
0.14497534559076986,1.0,0.07202546508777569,0.5168239585639756,-0.1977928889599634,-0.18867710610867094,-0.31332578612356066
-0.08804624776335124,-0.33186985755145365,-0.6240768401098865,0.8339797851835309,0.7980373710857588,-0.08383346510495857,0.6075439394660681
0.13248148488538114,0.3701912169995809,1.0,0.6231634131266686,0.994281033776114,0.39061180903269554,-1.225504246836472
-0.41025307778714376,1.0,1.0,0.3275977373333996,-0.7599980447323758,-1.0,-1.7609350064537759
-0.37169876502562677,-0.3800468899943095,-1.0,-0.494039871269923,0.8996548697821617,0.12457704727720276,-0.5803983195501664
0.9032180543335523,0.9177398129985621,0.32301684215537474,0.7261441115627155,-0.32224317628867105,-0.9025049529375533,5.456568274972831
0.6618651637594692,1.0,1.0,1.0,1.0,-1.0,-7.462578986747084
0.6294850635041398,1.0,0.6895755250710474,1.0,0.7223851266504488,1.0,-3.3416420645886133
-0.6988442684478713,-1.0,0.2553664609794829,0.5071101791349154,0.06864550320926788,1.0,1.3698473458484175
-0.14652595855200629,1.0,1.0,0.15335577819468738,-1.0,-1.0,-3.2447148860746147
-0.1661443633276013,1.0,1.0,0.37682587026343833,1.0,-0.8236793071911499,-2.671882597135832
-0.3195700964821049,-0.07691810853016479,0.09233044074897154,-0.014435025194304951,-1.0,-1.0,0.5619211841481145
-0.3521849707448223,-1.0,-1.0,-0.8056565589097462,0.17343428228937308,-0.5711476639499137,-1.7973129760883932
-1.0,0.18631293765021484,-0.551015095210281,-1.0,-0.15880894007628588,1.0,3.1105273230925112
-1.0,-0.6085738257319451,-1.0,-0.38989250755028193,-0.030570124414201816,0.6291346885859327,-0.2323355637836931
0.8620680320701527,1.0,0.7516157848005112,0.9398582240635415,0.6105441921361243,0.4787567577702844,-6.151762876646513
1.0,1.0,-0.18996776983067076,-0.19291711186557192,-0.1635760706101672,-0.7444268048103322,1.971467032926944
-0.057753736743220124,-0.5585543343681284,-0.37688524246893196,-1.0,-0.12756850381998502,0.5118604236180793,-0.03805331520807845
1.0,0.09275497791333587,1.0,0.5416871130976522,-1.0,0.5188253630992735,3.791985373050258
-0.18959362688866932,-0.15066222991694822,-1.0,-1.0,-0.8057229022615626,-0.047645068170902194,0.3320953914265927
0.45645796292097296,0.12503961147107878,0.8071039895447231,0.5782837576105181,-0.4365148809669541,0.14323973223509068,0.6506399551184453
0.42373568431729935,-0.3491656815717363,-0.4871998180045458,-0.7891732585032446,-1.0,0.9906632449182482,7.624898933919657
0.00790537874110453,-1.0,-1.0,-1.0,-1.0,0.29928999096736103,1.4397520377350423
-0.44783820233124505,-1.0,-0.9771459598010206,-1.0,0.5040985953228518,-0.10057725035588161,-5.330108308196177
-0.8255141542190533,-0.06928244297612324,-0.4874309297641204,-0.8111553761274428,0.07795385339206995,0.3083685150110338,-0.06341080308631813
1.0,-0.19258453525766828,-1.0,-0.8112443771624861,-1.0,-0.826194912071387,6.927046210656378
-0.42161692259827926,-0.10429538646038519,-1.0,0.040343848542530786,0.28951867905179407,0.3846033655068651,1.6609749381047454
0.3565769911413079,-0.013706859620387257,0.20121307149229156,0.9542451269024195,-0.41155412908743594,-0.6259642188319734,2.0123612685933336
0.5860325855767214,1.0,-0.3465075892103746,1.0,0.3056006693433499,-0.6506339897759478,1.1417895300695164
-1.0,-1.0,-0.1360720610827817,-0.6897130905045641,-0.32170616184145717,-1.0,4.251266216494558
0.26398986284775716,-0.5016174447423465,1.0,-0.6484848045395787,-0.4736406906801959,-0.3182816701532194,1.406192346163616
-0.5114551760750115,-0.6170723412417982,0.5424890284855514,0.30564998996779713,-1.0,-1.0,0.766815540643314
0.37681601636569717,0.13425744354938984,1.0,-0.6942034650059146,0.17174630266336324,-0.777092668907649,0.1472856561443221
-1.0,-0.15748497188434335,-0.5484287658119312,0.9419587404112558,0.04635574372834223,0.4818690768966025,0.11745229496503475
1.0,1.0,0.955181696755284,0.5378614785447893,0.47571077278227003,-1.0,-1.5404409346180206
-1.0,-1.0,-0.8084827082842332,-0.3528329592439938,1.0,1.0,2.860684833658362
1.0,0.1768797839534686,0.06696311714738501,1.0,0.5826263507366327,0.5088367414042663,-1.4204231191529617
1.0,0.40349100841086427,0.18804063972935203,0.761204226688835,0.6584836429510407,0.7392994768194909,-0.6213110169631991
-0.7755937554331335,-1.0,-1.0,-1.0,-0.5971883096199351,-1.0,3.0911866486273394
-0.999520012526494,0.45719235769514854,-1.0,-0.8567302289466483,1.0,1.0,11.428308547832428
0.4208427697458819,-0.4599812030522423,-0.8494687950792364,0.07270443708151375,-1.0,-1.0,2.648851800989134
-1.0,-0.0698673856500498,-1.0,-0.6903599472321407,0.3304867893876574,1.0,8.384682267627467
-0.9473224723809068,0.5666886334137229,-0.5426675766109982,1.0,0.3186930297792511,-0.21396738510796523,0.4450158413809903
0.8470384541996264,0.3128552134177995,-0.4863491212517848,-0.14670162345383875,-1.0,-0.6078621193567888,3.736271160125063
0.28155579010036,0.9222808837943078,-0.4360852064340262,0.5846636041080271,-0.19240707508320987,-0.46127976531128967,0.4331949797652308
-1.0,-0.8834629717999107,-0.6252381309165376,-1.0,0.7596607752198066,0.13697385735520218,-1.7396394671074278
0.022896847591567626,1.0,1.0,0.10677080946209394,0.3537772207190226,-0.5141253771426006,-1.7056720864333115
-0.6185803279172317,0.7656753744500487,0.035914916816556286,0.9092517460026516,-1.0,0.5399658158055121,-1.225389922064526
1.0,1.0,1.0,0.7319040860851782,1.0,1.0,-8.572409351875228
-0.20102616066949597,-0.29417425111794393,-0.8272868541014564,-0.2821558305740419,0.92968804914324,1.0,5.997061275269536
0.4279476861356186,-0.5559201156904802,1.0,-0.620175647907766,-1.0,0.3388709233686448,1.8364205775292843
-0.30696035443106107,-1.0,-1.0,0.07720001940545362,0.050162549952459945,-1.0,1.8462695512957428
0.508619485754428,0.7913304576066955,0.36564184881123324,0.9448824099304357,-0.8972495861811036,-1.0,6.891066946085134
1.0,0.0521622716258717,-0.39118069181577847,0.48496880549091415,0.24431834454600843,-1.0,3.6841559999995197
-0.32828666050457866,-1.0,-0.5434858762033721,-0.6352125328348006,0.059544893315021996,0.061060505975284535,-1.7606700845003922
-0.31021980684558514,1.0,0.18125806696805738,-0.20306450491174777,-0.9252201270080984,-1.0,-0.32669390818158384
-0.8220706541191038,1.0,0.6319520252953591,1.0,0.06960182254874034,-1.0,-0.8876349032547755
-0.3094736016212632,-0.868399304943269,-0.3228340097496143,0.8536281217675836,0.743542720440137,1.0,4.054153520825587
-1.0,-1.0,-0.07459136239525159,-0.297601887247988,-1.0,0.4030576617992289,-3.563857326826424
0.3172674994465703,0.6552785370182757,1.0,-0.03180936793493783,-0.5211600582878821,-1.0,1.5418229306578368
0.10094679400247099,0.8436686271376658,-0.038060829560154275,-1.0,-0.8268925609858502,0.353652489845632,4.008924513691267
-0.4988243010238743,-0.6936023643736009,0.4858257304658473,0.02794252071189933,-0.403278422124877,1.0,0.22834029517089122
0.40932029323409225,-0.6833115884898536,-0.432021268757159,-0.5476305788516502,-1.0,-0.9389565924097356,4.772911167796281
-1.0,-0.4468234671645033,-1.0,-1.0,0.8376638720336184,-0.6059058669800352,0.3787289138743345
0.6706226369003431,-0.29707333771116196,-0.6548664833927982,-0.720066046115398,-1.0,-1.0,5.0725180759318835
0.3134409938325098,0.48341199819356606,0.3688944524527118,1.0,0.2477147881084703,1.0,1.062270382493176
1.0,0.9018879063434095,1.0,1.0,-0.3652344273045108,-0.951602712774221,4.6843418608104646
0.5716245925895631,0.5606987563283055,-0.8827089766276466,-0.33064126698804364,-1.0,0.5965130207236043,4.849707427529999
-0.5660225922597308,0.7589530854377966,-0.735590294854522,-0.7948605981677899,-0.9987133705384167,-1.0,-0.9792289140943131
0.594977794767823,-0.34591264381918546,0.3989588365973786,1.0,0.5321471468082869,-0.5301235794186068,0.07131935467486161
0.5279081130060416,1.0,1.0,0.5649879463721063,0.12765844022078987,0.862436767731924,-4.091396917262415
0.19805460212719206,0.8881840698547164,-0.5659255534259896,-0.9534027884959431,0.18460340524640279,-1.0,0.33722248405456634
0.9696271835704564,0.4685115498950476,1.0,0.8262189353071305,1.0,0.2972661350381488,-6.721550431232764
0.3936777830860862,-0.9983888188281587,-0.2690129190112923,0.9736038652078735,-0.22327292916837949,0.6028461635553486,1.7582462095439269
1.0,0.7586214280773123,0.004524441311194838,0.01661440840141959,-0.7668646577248703,-1.0,5.259966491143879
-0.7810467774757838,-1.0,0.6071807473548515,-0.6898377047170963,-1.0,-1.0,5.695668740803987
0.94175533130223,1.0,0.44817642436851035,-1.0,-0.622100710458533,-1.0,4.87554118993073
-0.9050897226420982,0.28296463335927047,-0.3516742625338428,-0.20100060940409184,-0.3138561693567897,-0.4291215237025934,0.17943832992040032
-1.0,-1.0,-0.7000393632544132,-1.0,-0.5750952788389525,0.6446931600986737,-3.6720635128150345
-0.050920633257079406,1.0,0.4105753858137293,-0.68654466621829,-0.32263165233952007,-1.0,-1.351932151990138
-0.9084625467848275,0.2017817625867508,-0.9724539504664879,0.03714336943968482,0.5909400961611253,0.9398584813293271,7.79689763765399
0.02645678571971838,0.47308127240836556,-0.04421035158323375,0.41559813051891614,0.25866193695262885,1.0,3.6438121098832386
-0.9701401805215423,0.13251004381559892,-1.0,-1.0,0.04682137819290255,-0.7601169537559382,1.46367205056337
-0.5083704306577437,0.18336199751889756,-1.0,0.4084964639344083,-0.48676313375535524,0.15774459446401334,-0.9240810532440787
0.060339113445318504,0.9017597173883464,-0.464645879806601,1.0,-0.7133588977571799,-0.42255947795881177,1.9869414447731342
-1.0,-0.3499142617893287,-1.0,-1.0,1.0,0.22334819364507674,-2.199465994351476
-0.3473949958095357,-0.14399288327762583,-1.0,-0.4906972732970692,0.10050742394049061,-0.7625122630179856,1.7625781246619112
-0.09330285666540078,-0.4252465954459542,-0.728475272712154,0.3355307274734097,-1.0,-0.9791691901006637,1.1966310286311244
0.2713662882727459,-0.43554268177976446,-0.4046467420676249,0.5043727066975445,1.0,0.6249677816610223,0.6717026596685161
1.0,0.6021711329228498,1.0,1.0,-1.0,-1.0,8.312929790151486
0.6586910027123505,1.0,1.0,0.6502788609203793,0.2968411302165306,1.0,-5.837754149994911
-0.17704781006504888,-1.0,-0.5799949626369182,-0.1744913377371604,-1.0,-1.0,1.635047310992133
-0.7690050924512977,-0.3953077965098595,-1.0,0.7693658565218371,0.4993590065624888,-1.0,3.3505457788752375
0.17021336619779892,0.6387375200164012,0.07948050531627238,0.9997655166355839,-0.8870826763576416,0.4044133241724568,1.3782479462314117
1.0,0.08859753633653078,0.15293809966711214,-0.8882874512302978,-0.5509192475383071,-0.6857771642489331,3.6163125304477663
-0.8922873849847739,-1.0,-0.19512216331035964,-0.08390172903344606,-1.0,-1.0,0.5831563257785637
-0.910330364651744,-1.0,-1.0,-1.0,-0.19547355397744778,0.2323107834326412,-7.379126425708739
1.0,0.05436217093154827,1.0,0.7749170030422985,-0.9972672811416781,0.5441957758019655,2.834573248748302
-1.0,-0.4204507644103641,0.10285634330354021,-1.0,0.150154391632841,0.6969303431498728,-1.202096898773261
-0.6205859696167425,0.5204693452986103,-0.6578495617944371,-1.0,0.9544983068452426,0.20426513801158164,2.1312372724014548
0.17214455283166546,1.0,0.41385809267665097,0.990276075340013,-1.0,1.0,2.3090370433164518
0.5721126004111153,0.5949749457589422,0.09700250173017433,-1.0,-1.0,0.19537089908157806,4.979221835261599
-0.36368002481790973,-1.0,0.08060926677978997,-1.0,0.8932827023965312,0.7985955833949101,-0.42919399569241135
0.5067284977805692,-0.8090740348065302,0.07650360842332193,-0.38478864111604083,-1.0,0.6577739314977409,3.945285166620358
-1.0,-0.16544713714064718,-0.17283281310723342,-1.0,-0.3587544192563019,-0.9278954808810442,2.5977179736951355
-0.08690451790102566,-0.059554114695943294,0.005470013019394149,0.22840518686978817,-1.0,1.0,3.5158211149572347
0.39151584884913676,-0.4016476834587619,0.48725714756143146,0.6151117329256321,1.0,0.6718457104364286,0.6495927150080829
-1.0,1.0,0.8668430772280952,0.6956384880109157,0.657622702689001,-0.7697170244997713,-3.1347189054820976
-0.0742157400655219,-0.4058491972462693,-1.0,-0.07309324612090484,-0.40459155759352045,0.6807228655534538,2.1936360533387727
0.8549432995882891,-0.619655819297181,-1.0,0.15988179651042383,-0.047477824508587674,0.08734220019195826,1.1157657191063972
-1.0,0.41736788971970973,0.7684594009032412,0.02125295380516279,-1.0,-0.6761652089694049,-3.09444076803722
0.194926366517315,-0.20335017790306864,-0.5139876794109602,-0.6226121543849454,1.0,0.4344493960314493,0.16664145025321284
-0.7417694106885444,-1.0,-0.4498228653844717,-0.4417551441016574,1.0,0.3805721436047953,-0.1355285616800535
0.4022872199109494,0.7079884018150312,0.7110089202927258,-1.0,-0.3351307860485959,-1.0,1.5680012927910219
-1.0,-1.0,0.0537407260622505,-0.5034607322935362,-1.0,-0.2643636292646867,0.9030325800054598
0.03878923016333058,-0.7224462651226687,0.4750562686608453,-0.468119050223437,-0.05439278975821149,-0.007700172972362029,0.4839376682881038
-0.2784624565801652,-1.0,-0.8240383123493755,-0.7957667817575929,0.535580422693077,1.0,0.08242375278193503
1.0,-0.09706911363908022,1.0,0.7046585128424911,-0.0017152587548187603,-0.28801604638056705,1.4454820331496865
1.0,0.6386896444636898,1.0,0.8073012433870024,0.37317815355250655,-1.0,0.3387774882222807
-0.8142996053576667,0.6363145432465009,-0.6337229699241146,-1.0,0.10334412401574045,0.5004201307956864,1.210802497903998
0.4532171561619819,0.31747423831970806,-0.2972508980009988,-1.0,1.0,1.0,4.573670492548782
0.3856668424893984,1.0,1.0,0.29558165188578367,0.5766026903389962,0.9472991459678008,-3.28823370239614
0.5584678347003706,1.0,0.6690806933609117,1.0,-0.12932979844305842,0.4197539971366995,-1.5292206909007342
1.0,0.10649091987510284,0.014931670473846415,-1.0,-0.07060980981197784,-0.12174063761686421,0.608844870929294
-0.6569782067620584,-1.0,-0.21807337543370697,-1.0,-1.0,-0.23954177395558984,3.6444948988278076
-1.0,-1.0,-0.6691665781579691,-1.0,-1.0,-0.07695981243826688,-0.3771388772334438
1.0,1.0,0.64972292880379,0.0755182725827861,-0.025299460302221632,-0.6316086827124491,-0.12207967367946765
-0.5540835469284189,-0.8881888613769106,-0.2693265510063959,-0.7641464310631907,0.22582481334166826,-0.9666415253420937,3.3166244409560663
-1.0,-0.7362459362171379,0.41155809858671777,-0.7450231375256935,-1.0,-0.7966201195464624,2.4417075879741432
-0.7974760508899035,0.2598514277201187,-0.9847598867268739,-1.0,0.7457497252039735,0.8185599133848164,6.7441371770601295
0.36717329660952347,0.08048619995160367,-0.35303427492075606,0.24362138895754298,-1.0,-0.0614724996136109,0.7037477141323261
-0.2747335460872581,-1.0,0.5895465415873673,-0.6766123092878407,0.23222474648317526,1.0,-1.0355666117401636
1.0,-0.06981248294989406,1.0,-0.3441509934887892,0.696060908732204,1.0,-4.754031369778328
-1.0,-1.0,0.3345845977296209,-1.0,-0.45875925732375966,-0.3448698099401142,2.311159821440574
-0.13753039404005163,-0.05486850047652014,-0.9920336617283869,-0.6546813408974479,-0.6123756982209486,0.37964011313225454,1.1685940727018882
-0.43283822835043795,-0.6115037506019602,-1.0,-0.46415074984710974,-0.44616021168634024,0.12090828290044994,-0.9781640597178831
-0.4713880456079439,0.4263531028805033,0.3577756999196662,0.145450651872004,-0.12431813129024778,-1.0,2.5181075125539416
-0.03177969108573242,-0.6081212927878387,-1.0,1.0,-0.19653039484990886,-1.0,1.032029866943696
0.6048016138394653,-0.13221875694769414,0.2040734346204205,0.23639396315443031,0.8974920522065599,0.45460284364536463,-1.610070111217196
-0.4214790350257063,-1.0,-0.4389579706942778,-0.06626887279099014,-0.5990498883415958,-0.9311490458317633,1.3575561645870164
1.0,1.0,0.40651661607319545,0.3175738989218927,0.45057949288814253,1.0,0.2718412025541062
0.024360446141995284,1.0,1.0,0.902874263618972,-0.9406654889074887,-0.11922909261458567,-0.8494588940121628
-0.9603313348690858,0.0017125925764699262,-1.0,0.8436001010690226,-0.0019780197939237576,-1.0,4.69147204697998
1.0,-1.0,0.4944396040010572,1.0,1.0,-0.9689037105332998,-0.6897080004269669
0.3690017472606564,-0.0010091484115457156,0.40669012224427553,-0.7443764159148055,-1.0,-0.7010472698658649,3.2958158755311406
-0.9682664508901191,-1.0,0.683311723580491,-0.30774585140888794,-0.8395914557929165,-1.0,3.4174818397877953
-0.5571273782867601,0.3287011169421663,0.06364967122817922,-0.7729928017037543,0.9273171401911597,-1.0,4.302577890579713
-1.0,-1.0,-1.0,-0.927331849316636,-1.0,-1.0,4.154616652268218
1.0,0.9319033722948826,1.0,0.8104663217849994,1.0,-0.14448281033939558,-6.476250386132079
-0.41069244322186527,-0.9844052878703832,-1.0,-0.17351031235522962,-0.22809574822827527,-1.0,2.7960157138191275
1.0,0.9239453872522339,0.3930367132746676,-0.3050547072434019,0.651398451924587,0.6866419981670266,-0.3176064313298731
-1.0,-0.09519998191096635,-1.0,-1.0,-1.0,-1.0,1.7451953797290485
0.639976906051184,0.7082529068729932,0.9926113868606847,0.983035076953233,0.5118055841837315,0.9682905895650835,-5.28706896226057
-0.6846342787545048,-1.0,-1.0,-1.0,-1.0,-0.270816470329894,-0.8485576814518766
0.4849514079605082,0.9895027699816261,1.0,0.8388500618796297,-1.0,0.2831679854224721,0.5644787395261817
-0.9185408372005036,-0.13257109095347586,-0.31627847329988024,-0.3291996812582918,-0.04738878860127155,0.36949790155845375,0.6269373503189437
-0.5031632069099953,1.0,-0.4374018862771558,0.7068078777361624,1.0,0.9089793719221526,7.381201916699527
0.8229834966157312,0.37216795404256064,0.8207792559001832,-0.1621406806418927,-0.27532470065894854,-1.0,4.099978728692236
0.24100976743624272,-0.8600207471994947,-0.36696428625447686,0.047882412884947434,0.6184970143458046,0.9233508612593113,1.7092033365538541
-1.0,-0.9762050647822458,0.20515116941994416,-1.0,1.0,-0.19113793804134627,3.54672504471087
-0.9034650730375968,0.17273729346480318,-0.7607706001896395,-1.0,0.8762149030529054,0.1491197542140421,1.726525948001617
0.009561132294400643,-1.0,-0.12593391926262976,-0.5463726992261153,1.0,0.8772957318959772,0.028446950183787734
0.054525155487882185,-0.9510569782782832,-0.40424357758317225,-0.5686535554902776,-0.6549432581604455,0.13892336903919034,-0.14848558580647242
-0.48816275529302067,0.2974297336631744,0.03799899513525204,-1.0,0.357184105602022,-0.6654685304237471,0.5089223209672996
1.0,0.975542120476458,1.0,1.0,0.8434113780500706,1.0,-9.01193798501652
-0.012248634157414007,0.11808135586553636,-0.028308685651060483,-1.0,0.13032582895819353,0.044846010254473434,0.534481739780631
-1.0,-1.0,-0.8284282901674973,-1.0,-1.0,-1.0,3.9061834485583624
0.6580496396641446,-0.03737965734511871,-0.07824462586028458,-0.1986193546930557,1.0,1.0,1.6192334955620606
-0.43788943704102296,-1.0,0.9114492884153957,0.5606230329895466,1.0,0.5465296590863595,0.706292892028626
0.5382799557044396,-0.7250571331074984,-1.0,-0.15337525039875866,0.29238457725616285,1.0,2.9830775128202887
-0.49537810948652894,0.3341159422036831,-0.6127283665304133,0.1739395092809145,-1.0,-1.0,-0.9488672447122914
0.18337447053605493,-0.4556150911617446,-1.0,-0.691084611924306,1.0,0.8591552076094882,2.2933344153618376
0.257834456023739,1.0,0.4603900164421699,1.0,0.6383888886792393,-0.4014770272675374,-1.379447866700037
1.0,0.2007579109435753,-0.712898018378084,1.0,1.0,1.0,1.114632704720012
0.359298927362282,1.0,1.0,0.4472480159278771,-0.29007572649775754,-0.9253934345162554,-0.8687538211517527
0.8646043166064409,0.8567016412162737,-0.2203787255873211,-1.0,-0.4816102277013059,-0.9901075508171365,4.1057627934771785
0.6098949389473036,-0.13624727921320146,-0.6773514302122701,-0.8737907402791485,1.0,1.0,2.15639691757195
-0.10564397634134726,-1.0,0.7185800618496221,-0.2092681209401353,0.1383710938402356,0.015218372572602723,1.3750725273647655
1.0,0.866698806023305,1.0,1.0,-0.2592676567865968,0.08482894254643922,-0.33637905005706775
0.4996348424258942,-1.0,-0.5586384392934092,0.5851849877175092,-0.6956829779647468,0.7327629138902589,2.210849070728002
-0.13653182596627922,0.5626327907920897,1.0,-0.28851932970989946,-0.5220800634708498,0.8458804669008102,-0.7730315448029947
-0.46972612542082326,-1.0,-0.07172764746267635,-1.0,0.06663777553222848,0.32261796775680474,-0.07825507025131473
1.0,1.0,1.0,0.2696526166705111,-0.0678201445605443,1.0,-3.5118628411383064
-0.18462833629694697,-1.0,-1.0,-1.0,0.38206512561889383,-0.8973005840814159,0.49403094618522925
-0.5233873405189204,-0.5773470499865396,0.5684588423179274,-1.0,1.0,0.8407949056409989,1.5427008643533755
-0.2864077493924059,0.29792469098079877,-0.9166694517382354,1.0,0.6583735130917167,0.9757771645895865,7.213216738520602
0.7080885158005982,-0.017129838311346512,0.26847204707786754,0.7293706313229829,0.5588826563936816,-1.0,2.5327312611081516
1.0,1.0,0.8132937368783962,-0.26988754382472274,1.0,1.0,-2.0262710810597344
-0.27472683626479577,-1.0,0.08655074285213793,-0.12995171299414943,0.11072843169395702,0.5867892640694289,0.16469431085558084
1.0,1.0,0.8704207135994773,0.07385598118809189,1.0,0.2407500675120394,-3.3924428395012147
-0.41235530147004384,-0.9047232180974729,0.43070844786817974,-0.1889823456053687,1.0,0.13276890583912104,2.0108623422290997
-1.0,-0.7094361962055324,-1.0,-1.0,-0.003305868106870502,-0.6700973699883521,0.4111889483512934
1.0,0.41036604536032073,0.07153575627726105,-0.48205959148661626,0.2715043856343701,1.0,2.923945946154013
0.09082074145356361,-0.6860265278425774,0.20504720886347128,-1.0,-0.8912167383511377,0.21363267105936393,4.4341133207313845
-1.0,0.6475217344757547,-0.1631073340190935,-1.0,1.0,0.49191657867243344,5.785673496441022
-0.0033765946214279197,-0.5712088908767501,-1.0,0.6771063862495134,0.0111394874490508,0.4365829283117524,0.5844511344587555
1.0,0.7591361697751495,-0.010138040269643989,-0.5604578623181637,0.11100133082820318,0.32991431382297276,-0.21071499449892783
0.5643674875116274,0.4387062650600745,1.0,0.9005018682028285,-0.1770482458919092,-0.1716610311004484,-0.9164181851170865
0.07714277498942013,-1.0,-0.19630150393042023,1.0,0.7175401268504806,0.3880416887308087,-0.48218544241640343
-1.0,-0.06652727679569836,-0.3069877177311362,-1.0,1.0,0.37505374639772104,4.989360611940944
-0.7234211842395746,-0.29702496245974963,-1.0,-1.0,-0.12247794511361598,-0.7513192826389734,1.28965159643831
-1.0,-0.4223125913339807,-0.579670912704195,-0.6000959110989225,-0.7099983492447091,0.13273518510151405,-2.563195389132721
0.19903809808149692,0.5865016648336192,-0.03786723398278702,-0.8594299221329866,-0.9477467780172415,-1.0,2.072062136684472
-1.0,0.29871585007832036,-1.0,-0.7231148072431356,0.5895932555754959,0.23693394122341643,0.25044658436967704
-1.0,-0.8214336750705422,0.5056428452998804,0.44398273172350566,0.464651649958016,1.0,1.5611286429678763
-0.4441895803933194,-0.7215960480070623,0.26418141530543093,0.2942524548464044,0.5264858497661793,0.6575756367801268,1.3667361042101671
0.6260498898646554,0.03572478114785688,1.0,1.0,0.513916529188104,0.40564159734557914,-3.8064721356341433
0.6242561389159706,0.38390214206624473,-0.9263489685439923,-0.4997506626442614,-1.0,-1.0,2.3761639892569444
1.0,1.0,-0.259604864905466,0.5900184009200204,0.41764435178684556,-1.0,2.2424414873266336
-0.262299719075597,-0.2997976169535057,-0.6608608523273756,0.14440239516298825,0.8816818033651057,1.0,6.570498163092242
-0.5636078380624439,0.23539992967244217,-0.5548021885287528,-0.5585373864651864,0.9211461576782296,0.30331233694842585,2.566696781972146
1.0,-0.7130208037569055,-0.681471659156676,1.0,-0.8733329189595,0.2252959422399873,4.537227952958243
0.01095701681205491,0.26668745757408013,-0.8406255855981747,1.0,-1.0,0.21983022300613875,-0.0447154743817651
0.38351150685669544,1.0,0.4186416598646717,0.14058596821196678,1.0,0.8021699580537941,0.45664908914491564
-0.9663979045998919,0.06883362937773521,0.8591327073570341,-0.39598677839688967,1.0,0.400461984478977,-0.38994038158210553
1.0,0.24156022957742107,1.0,1.0,-0.9136382932286076,0.2503982525639149,2.856049658799826
-1.0,-0.764598961235663,0.5544888589512644,-0.6238791131920337,0.7575912613264053,1.0,0.038242481995322986
0.0966572224462815,-0.752457699079675,0.6047828803950045,-1.0,0.6486607638441594,-0.46199487401608796,1.5725103748079157
1.0,0.5407320376625155,1.0,0.6145856580652083,0.5658145204576501,1.0,-5.368195919786765
0.7211018546308487,0.3699700981862496,-1.0,0.2654456705125112,0.4782828546254111,-0.6966384471723848,-1.0309159069542442
-0.4208020712390015,0.9420934728123332,-0.42989248091373633,0.24357326467832568,0.2583479667156521,0.603114440825377,2.844553305825717
0.1812489921945732,1.0,1.0,1.0,0.5590902411608225,-1.0,-2.2068954263471268
-0.06142801401582121,1.0,0.9127927249494482,-0.047637718103945584,1.0,1.0,0.17801986702748698
-0.4964017012060911,-0.43492245471020796,-0.8177925658942525,-0.06294762966956058,1.0,1.0,6.984738859221575
0.4773348549762193,-0.4284256286234901,1.0,0.34951157663795557,0.45585886911393264,1.0,-2.9571154324474094
0.5147758122458537,1.0,0.6629175744625769,-0.00276894545669093,-0.06671765382906947,-1.0,0.6458089128113872
-0.8226766845279447,-0.20240529559512344,-0.28197899857800235,-0.05443893782094633,-0.37139491014832915,0.5305727982115317,-0.25250989064247265
0.6306660387414704,-0.10743141525503747,-0.029417105051301073,0.045214976367917714,1.0,1.0,1.4044913404648054
0.547357054829315,0.20426220722767074,0.1146206053769645,1.0,-0.6107670934715665,0.6767990327135143,2.205021425214484
-0.006534785834901413,-1.0,-1.0,-1.0,1.0,1.0,-1.553772117984704
-0.567670988577098,-1.0,-0.4155104787763531,-0.48971518758208843,-1.0,-0.6015388852493013,1.2426779424412622
-0.8645930023840209,0.21383129058507633,-1.0,-0.040056363570192155,-0.24448517620982246,-0.06185805514601493,-0.33334080930369747
0.12900597264816338,0.4711058313602863,0.9423044251555049,0.619844640194279,1.0,1.0,-0.7354198782896567
0.6780376290475315,-0.688151536720991,-0.9765944861334663,-1.0,-1.0,-1.0,8.035130757910213
-0.2603559942247431,-0.9404628534415087,-0.48617551228224287,-1.0,1.0,-0.9615786078613335,5.219078959419791
1.0,1.0,-0.04807562016580902,0.6163609250806292,-0.4376265533962859,0.5000660285940094,2.5804625035094237
0.3076702682045026,-0.7146700753257118,-1.0,0.5163159572614745,-1.0,0.11071353600094086,0.31142900774866844
-1.0,-0.6811797059593768,0.6224977383880187,0.14174862822482528,0.28843385135680566,0.7536681431064349,-0.6074707827811419
-0.16080618807602254,-0.5786524072185733,-0.08954072070470986,-1.0,-1.0,-0.015891692806809576,3.2917000575916058
0.8580729140201198,0.6419153737621784,-0.055691722283217726,0.07310401855735293,0.2602744864609113,-0.5081276500491679,0.33516436561832963
-0.17799614804407105,-0.08889938846287304,-1.0,-0.5225148889814344,-0.0002952893078602692,0.34954185085936557,0.32701833021469234
-0.4557154310106759,-0.14733609422000837,-1.0,-0.172194944280466,1.0,0.19041865074397735,-0.7053639642958868
-0.4279597797042315,-1.0,-0.513980261097547,-0.7151124904872762,0.6742348099475869,-0.31806576968078204,0.12637119128501323
-1.0,-1.0,0.3541349050547997,-1.0,0.47015931210812684,-0.058907487104263453,0.7171222498308468
1.0,0.33398659527166186,1.0,1.0,-1.0,-0.9893632869069728,7.83934177831399
-0.23354444153746812,-0.8429035595647134,-1.0,-0.052876999131517444,0.5579612040630586,0.2753612602834067,-1.027637913007819
0.22181137721503275,0.2854162341854358,0.326423878986857,1.0,-0.07727548245664162,0.16459278692872692,-0.5669407968914976
-0.9328636427365289,-0.10662681870373489,-0.724274911716067,-0.016145208564947833,-1.0,-1.0,-0.4472666184188639
1.0,0.7151461632480106,0.8745574176070927,0.16479791537062538,1.0,-0.08618922429464848,-3.4987199900773134
-1.0,-0.47150693110989594,0.5637697106029333,-1.0,-0.22570689450296255,1.0,-3.458705531162374
0.35089122952594387,-0.6956131507297916,-0.12399072991588023,-0.9005553129238197,-1.0,-1.0,7.8484851247584535
-0.017187617686328184,0.39838701350448247,-0.6975796936022576,-1.0,1.0,-0.008072343423670025,0.9746101292984068
0.3328883480814018,0.20162774226005137,0.2781212895399927,-0.30949440912948867,-0.4717585014635166,-1.0,3.218008350149751
1.0,0.9927962018604917,-0.1670371763857375,0.22906454272125298,0.42768326950530433,-0.02527714725150515,-0.5300301038243808
-0.9216520888578055,-0.6524104900076606,0.8492616815218748,0.17915493359286597,0.6466911725073456,0.7114795256885335,0.01162235585843116
-1.0,-1.0,-1.0,-1.0,-0.5199446880756123,0.161253648470287,-5.622371362965446
1.0,-0.5176731682198745,-0.07876393744259214,-0.1151560239358056,1.0,0.5293587005155638,-3.605198550628258
0.3363933613787522,1.0,0.1034838660742412,0.8989025751647661,-0.6072263011002919,0.1651332089875265,0.6540000391400976
0.7426384104679015,-1.0,-1.0,0.6018504846920608,0.4184805957984337,0.29345494259657,-1.9330414743685767
0.7445175175423501,0.05553508448846878,1.0,0.5250509193889975,0.08316572560753288,1.0,-2.5004753661756887
-0.9265129845952169,-0.7417719012659125,0.09474729848870622,-0.950742645253825,-1.0,-1.0,3.719803601961535
0.5663823952404126,0.49135152549589645,1.0,0.08918763578560363,-0.5791150069735125,-1.0,3.107636077550884
